id,Sex,Length,Diameter,Height,Weight,Shucked Weight,Viscera Weight,Shell Weight,Age
0,F,1.5125,1.1625,0.475,28.2644515,11.0846545,6.59125875,9.2135875,18.0
1,F,1.0625,0.7875,0.3,9.298636,4.86193925,1.871067,3.5436875,11.0
2,F,1.5375,1.175,0.4125,31.51046925,11.63746975,7.01650125,9.922325,14.0
3,I,1.1875,0.9125,0.25,13.53688625,6.56290925,2.5231055,3.21766825,7.0
4,F,1.6125,1.275,0.4,34.26037075,13.5794105,8.80251975,10.8011595,12.0
5,I,0.475,0.275,0.0875,0.5953395,0.21262125,0.12757275,0.1417475,5.0
6,I,1.1375,0.9125,0.3125,16.40018575,7.37087,3.04757125,4.252425,8.0
7,I,0.925,0.6875,0.225,6.56290925,3.061746,1.360776,1.984465,6.0
8,F,1.55,1.1875,0.375,32.375129,12.587178,6.81805475,9.2135875,10.0
9,F,1.6125,1.275,0.4375,35.59279725,13.99047825,8.60407325,12.6155275,19.0
10,M,1.475,1.15,0.4,25.0893075,9.695529,6.13766675,8.6465975,11.0
11,I,0.8875,0.7125,0.225,7.9095105,3.61456125,1.68679525,2.1262125,6.0
12,M,1.4375,1.1,0.3375,25.61377325,10.432616,5.556502,8.50485,9.0
13,M,1.6375,1.3375,0.4125,39.7743485,15.30873,8.2497045,10.19164525,14.0
14,F,1.5625,1.225,0.425,34.79901125,13.947954,8.17883075,10.8011595,10.0
15,F,1.575,1.3125,0.4375,37.32211675,15.592225,7.7394135,11.226402,11.0
16,F,1.375,1.0125,0.2875,18.4555245,8.9867915,4.40834725,5.10291,7.0
17,I,1.025,0.7625,0.225,10.02154825,4.69184225,2.324659,2.83495,7.0
18,F,1.2875,0.95,0.3375,18.313777,7.15824875,4.422522,5.2446575,15.0
19,M,1.375,1.0625,0.425,26.29416125,10.035723,5.499803,8.3631025,13.0
20,M,1.5625,1.3125,0.4,35.98969025,16.51358375,7.767763,9.63883,11.0
21,I,0.45,0.325,0.1375,0.89300925,0.29766975,0.18427175,0.35436875,5.0
22,I,1.1875,0.95,0.3,16.9246515,6.10931725,3.175144,5.10291,11.0
23,F,1.15,0.875,0.2875,13.08329425,6.4920355,2.9199985,3.685435,8.0
24,F,1.6875,1.3125,0.3875,43.26774425,17.13727275,9.525432,11.41067375,10.0
25,M,1.4125,1.125,0.425,28.50542225,11.15552825,6.64795775,8.9300925,14.0
26,F,1.3625,1.0375,0.3375,21.87163925,10.546014,4.932813,5.2446575,8.0
27,M,1.55,1.2375,0.4625,36.61337925,16.726205,8.66077225,10.489315,12.0
28,I,1.15,0.9,0.2,12.68640125,6.13766675,2.08368825,4.6776675,7.0
29,F,1.0125,0.8125,0.275,9.8939755,4.252425,1.68679525,2.9766975,8.0
30,M,1.45,1.125,0.3875,31.3261975,15.54970075,6.93145275,7.7961125,11.0
31,M,1.3,1.0375,0.3875,18.597272,7.78193775,4.89028875,5.386405,13.0
32,I,1.2375,0.9375,0.25,14.75591475,6.6054335,3.86970675,3.9405805,7.0
33,M,1.5625,1.2375,0.4625,31.2694985,10.58853825,7.01650125,9.07184,12.0
34,F,1.5375,1.275,0.45,40.78075575,18.24290325,7.6827145,10.489315,10.0
35,I,1.1,0.875,0.3,12.5021295,5.65572525,2.70737725,3.67126025,9.0
36,I,1.5875,1.225,0.4625,40.7382315,16.85377775,8.7599955,11.1980525,17.0
37,I,1.3125,0.975,0.2625,16.215914,8.3064035,3.685435,4.9611625,8.0
38,I,1.025,0.775,0.2375,8.8733935,3.98310475,1.80019325,2.6932025,7.0
39,I,0.825,0.625,0.1875,4.80524025,2.19708625,0.963883,1.1623295,5.0
40,F,1.5875,1.3125,0.4375,38.838815,15.29455525,8.66077225,11.6516445,12.0
41,M,1.7,1.3625,0.5,50.632207,23.40251225,10.886208,13.324265,11.0
42,F,1.65,1.2875,0.4125,47.35783975,21.72989175,7.07320025,13.4660125,18.0
43,M,1.425,1.0875,0.425,25.58542375,10.41844125,5.3013565,7.654365,20.0
44,I,1.1125,0.875,0.2625,12.757275,4.60679375,2.5231055,3.40194,7.0
45,M,1.25,0.95,0.3375,14.004653,5.5848515,3.01922175,4.1106775,9.0
46,M,1.5375,1.2125,0.4125,31.02852775,15.37960375,6.39281225,7.93786,11.0
47,I,1.0625,0.8125,0.2625,10.716111,5.08873525,2.22543575,2.83495,7.0
48,F,1.6,1.2625,0.4,36.4291075,17.78931125,7.9662095,9.922325,10.0
49,M,1.6,1.2625,0.4125,37.37881575,17.19397175,8.37727725,9.63883,8.0
50,F,1.4875,1.1375,0.375,30.71668325,13.90542975,5.5281525,8.788345,8.0
51,F,1.4875,1.1625,0.4,31.22697425,12.11941125,5.93922025,9.922325,19.0
52,M,1.525,1.175,0.35,28.689694,16.82542825,5.783298,7.087375,9.0
53,F,1.2625,1.0,0.3,16.76872925,6.860579,3.0333965,5.2446575,10.0
54,I,0.925,0.6875,0.2375,6.42116175,2.67902775,1.31825175,1.984465,6.0
55,I,0.9625,0.7125,0.25,7.9095105,3.2601925,1.757669,2.1262125,6.0
56,M,1.525,1.15,0.3625,30.40483875,13.87708025,6.690482,7.5126175,9.0
57,F,1.3625,1.075,0.4125,21.999212,9.42620875,4.86193925,6.80388,12.0
58,F,1.525,1.2125,0.475,30.5891105,11.8217415,6.90310325,9.355335,13.0
59,I,1.125,0.875,0.2875,14.92601175,6.577084,2.90582375,3.98310475,8.0
60,F,1.5,1.225,0.3875,32.10580875,14.628342,7.07320025,9.355335,12.0
61,I,0.9875,0.7375,0.25,8.7032965,3.21766825,1.8994165,2.11203775,6.0
62,M,1.5875,1.2125,0.375,36.2535695,16.159215,7.881161,8.334753,11.0
63,F,1.575,1.25,0.375,30.94347925,13.08329425,7.030676,8.9300925,11.0
64,F,1.2875,0.975,0.3625,18.71067,8.6465975,4.40834725,4.9611625,8.0
65,I,0.6875,0.5,0.2125,2.438057,0.97805775,0.58116475,0.850485,6.0
66,M,1.1875,0.9375,0.3625,15.71979775,7.86698625,3.4302895,4.7343665,8.0
67,F,1.7625,1.325,0.5125,55.8201655,22.80717275,11.5382465,13.60776,11.0
68,M,1.2125,0.975,0.325,19.85882475,9.19941275,3.7704835,5.11708475,15.0
69,F,1.2875,1.0,0.3125,20.638436,8.40562675,4.57844425,5.386405,11.0
70,I,1.225,0.9625,0.35,17.02387475,6.0951425,5.17378375,4.9611625,8.0
71,I,0.8375,0.65,0.2,5.88252125,1.77184375,1.247378,1.984465,6.0
72,M,0.6875,0.5125,0.1625,2.7499015,1.0489315,0.38271825,0.850485,7.0
73,M,1.3625,1.0875,0.3875,20.3265915,9.85145125,4.46504625,6.80388,9.0
74,M,1.1625,0.925,0.25,12.43125575,6.293589,2.8066005,3.685435,7.0
75,I,1.0,0.7125,0.25,8.618248,3.6570855,1.7860185,2.4097075,7.0
76,M,1.0625,0.775,0.275,10.95708175,7.087375,2.22543575,2.76407625,7.0
77,M,1.5,1.1875,0.4625,32.02076025,10.98543125,7.540967,11.32562525,16.0
78,I,0.875,0.6625,0.225,5.3013565,2.2963095,1.190679,1.8427175,6.0
79,M,1.45,1.15,0.4,30.220567,14.55746825,6.406987,8.788345,10.0
80,F,1.525,1.225,0.375,29.880373,11.5382465,6.39281225,10.20582,13.0
81,M,1.55,1.25,0.475,38.215126,15.03940975,7.0023265,11.623295,17.0
82,F,1.4125,1.1125,0.375,29.1149365,11.679994,6.860579,10.489315,17.0
83,F,1.3375,1.0125,0.375,21.9708625,8.77417025,4.3941725,5.953395,18.0
84,F,1.5,1.2125,0.4125,30.0221205,13.60776,6.22271525,10.489315,10.0
85,I,0.9375,0.725,0.225,7.6827145,2.9199985,1.587572,2.551455,7.0
86,I,1.4875,1.1625,0.35,26.251637,11.92096475,5.159609,7.7961125,10.0
87,I,0.5625,0.4,0.1375,1.6726205,0.7654365,0.4252425,0.4252425,4.0
88,M,1.275,0.975,0.35,16.9813505,8.334753,3.685435,5.386405,9.0
89,I,1.175,0.9125,0.2875,13.0691195,5.726599,2.65067825,3.75630875,8.0
90,I,1.125,0.85,0.25,10.2341695,4.9611625,2.31048425,3.5436875,8.0
91,I,1.0,0.7625,0.2625,7.01650125,2.90582375,1.68679525,2.4097075,7.0
92,F,1.525,1.125,0.3875,27.555714,12.8990225,6.2652395,7.5126175,11.0
93,M,1.2,0.9375,0.2875,17.179797,6.05261825,3.3168915,4.819415,9.0
94,F,1.4375,1.125,0.35,26.2232875,12.47378,5.71242425,6.520385,8.0
95,F,1.5625,1.25,0.4,32.41765325,12.34620725,7.01650125,9.2135875,9.0
96,M,1.3125,1.1,0.375,22.5945515,9.82310175,4.72019175,6.27941425,10.0
97,M,1.375,1.0625,0.325,18.4555245,7.55514175,4.6209685,5.6699,10.0
98,I,0.425,0.3375,0.1125,0.66621325,0.2551455,0.226796,0.226796,5.0
99,I,1.375,1.075,0.325,21.0069795,9.525432,4.97533725,5.10291,9.0
100,F,1.4,1.125,0.4125,25.86891875,11.1980525,5.5281525,6.6621325,13.0
101,F,1.5625,1.2125,0.475,31.19862475,13.16834275,7.41339425,10.3475675,12.0
102,M,1.475,1.125,0.325,22.04173625,9.808927,4.876114,6.9456275,9.0
103,I,0.7625,0.575,0.2,4.86193925,1.85689225,0.97805775,1.70097,6.0
104,M,1.5625,1.2375,0.475,31.99241075,14.288148,6.4353365,11.056305,10.0
105,F,1.625,1.2625,0.4625,36.61337925,14.2030995,8.29222875,11.623295,12.0
106,I,1.175,0.9,0.325,15.74814725,5.71242425,3.061746,4.43669675,9.0
107,F,1.7625,1.325,0.475,43.70075425,15.2803805,8.43397625,15.4504775,18.0
108,I,1.1,0.85,0.275,12.3887315,5.82582225,2.87747425,3.685435,8.0
109,M,1.4875,1.1625,0.375,31.62386725,15.762322,6.633783,7.93786,8.0
110,M,1.5875,1.2625,0.4,32.16250775,14.92601175,7.6260155,9.4970825,9.0
111,I,0.925,0.6875,0.225,6.917278,2.721552,1.4458245,1.984465,5.0
112,F,1.55,1.2625,0.4125,31.9498865,14.13222575,6.747181,8.9300925,12.0
113,F,1.7125,1.3375,0.45,44.9906565,19.66037825,10.70193625,10.70193625,11.0
114,M,1.6375,1.3125,0.425,41.7588135,17.27902025,8.2497045,11.4815475,15.0
115,M,1.5875,1.25,0.4375,38.22930075,17.19397175,8.448151,9.4403835,11.0
116,I,0.95,0.8,0.25,8.63242275,3.40194,1.88524175,2.4097075,8.0
117,F,1.2875,1.025,0.35,20.79435825,7.75358825,4.57844425,7.2291225,13.0
118,M,1.2875,0.9875,0.3125,18.71067,8.051258,3.89805625,4.819415,11.0
119,I,0.875,0.6625,0.225,5.5848515,2.19708625,0.963883,1.70097,7.0
120,I,1.3,1.025,0.375,20.0997955,8.71747125,4.1106775,5.3580555,8.0
121,I,0.6,0.4375,0.15,1.71514475,0.58116475,0.396893,0.56699,6.0
122,M,1.575,1.1875,0.3875,30.57493575,14.5432935,6.406987,9.2135875,9.0
123,I,1.15,0.8375,0.25,13.267566,5.2446575,3.005047,3.118445,8.0
124,F,1.6,1.2375,0.4,34.5580405,15.0535845,7.9662095,8.788345,11.0
125,I,1.4875,1.15,0.375,27.76833525,12.133586,5.79747275,8.23552975,9.0
126,M,1.375,1.0625,0.325,23.0481435,9.6671795,5.71242425,6.520385,9.0
127,I,0.925,0.6625,0.225,6.577084,2.6365035,1.6159215,2.1829115,7.0
128,M,1.6625,1.275,0.4,33.8776525,14.72756525,8.43397625,9.4970825,12.0
129,F,1.6,1.25,0.4125,40.9083285,14.33067225,6.98815175,11.3681495,17.0
130,I,0.6875,0.5,0.175,3.40194,1.65844575,0.7654365,0.7654365,5.0
131,M,0.9,0.6875,0.25,6.8322295,2.6365035,1.6726205,2.1262125,9.0
132,M,1.3125,1.075,0.35,21.1203775,9.56795625,5.25883225,5.953395,9.0
133,I,0.925,0.7125,0.225,7.49844275,3.13261975,1.63009625,2.1262125,7.0
134,M,1.55,1.2,0.3875,30.8726055,14.10387625,6.13766675,8.77417025,11.0
135,M,1.6125,1.25,0.4375,34.8415355,17.42076775,7.18659825,9.4970825,9.0
136,I,1.375,1.0625,0.35,22.4244545,10.77281,4.8477645,6.39281225,8.0
137,I,0.75,0.575,0.2375,3.98310475,1.54504775,0.80796075,1.190679,6.0
138,I,0.925,0.675,0.225,5.8116475,1.68679525,1.2190285,1.984465,6.0
139,I,1.175,0.9375,0.3,15.83319575,6.4353365,3.9405805,6.23689,9.0
140,M,1.525,1.175,0.4,31.70891575,14.061352,7.72523875,8.788345,11.0
141,I,0.925,0.7,0.2375,7.6260155,3.75630875,1.7293195,2.1262125,8.0
142,M,1.5125,1.1875,0.4625,26.26581175,11.736693,5.3013565,10.6310625,8.0
143,M,1.4875,1.125,0.4625,32.2333815,11.69416875,6.25106475,9.922325,17.0
144,M,1.25,0.975,0.325,18.01610725,8.29222875,3.98310475,4.53592,9.0
145,M,1.525,1.1875,0.4125,31.6096925,13.380964,7.78193775,8.15048125,9.0
146,F,1.525,1.125,0.4,29.1716355,13.5794105,6.16601625,7.087375,12.0
147,F,1.5,1.175,0.4,28.81726675,11.9351395,6.2652395,8.788345,10.0
148,I,0.8875,0.6625,0.225,5.42892925,2.14038725,1.51669825,1.984465,5.0
149,F,1.1,0.8625,0.3,11.7083435,5.3013565,1.7860185,3.5436875,8.0
150,I,1.125,0.875,0.275,13.53688625,5.96756975,2.5231055,3.345241,8.0
151,I,1.1625,0.8625,0.275,12.68640125,6.0384435,2.36718325,3.685435,7.0
152,M,1.625,1.3125,0.4625,36.4291075,14.74174,9.979024,10.489315,20.0
153,F,1.5625,1.225,0.4875,36.86852475,13.9196045,8.3064035,10.0640725,11.0
154,M,1.55,1.1875,0.4625,33.43823525,10.716111,5.8683465,10.9145575,16.0
155,I,0.925,0.6875,0.2125,5.31553125,2.778251,1.13398,1.644271,6.0
156,M,1.425,1.1375,0.4125,25.0326085,10.77281,6.36446275,8.3631025,11.0
157,I,1.125,0.8875,0.3125,14.81261375,6.13766675,4.32329875,3.96893,8.0
158,M,1.675,1.3625,0.4625,43.6865795,18.937466,11.60912025,11.793392,11.0
159,M,1.5875,1.275,0.375,29.97959625,13.04077,5.62737575,8.6465975,10.0
160,M,1.675,1.35,0.45,51.55356575,19.731252,9.1001895,12.757275,13.0
161,I,0.4375,0.3,0.1125,0.75126175,0.35436875,0.226796,0.2551455,4.0
162,F,1.75,1.4375,0.45,51.49686675,22.055911,10.262519,11.90679,13.0
163,I,0.875,0.675,0.225,5.82582225,2.0128145,1.63009625,1.757669,7.0
164,I,0.9,0.675,0.2,5.443104,2.2963095,1.5025235,1.984465,6.0
165,I,0.875,0.65,0.225,6.10931725,2.6932025,1.00640725,1.984465,6.0
166,I,1.0625,0.8125,0.2625,10.33339275,4.97533725,1.8994165,2.9766975,8.0
167,F,1.5375,1.1875,0.425,30.91512975,10.829509,6.56290925,10.0640725,10.0
168,M,1.2625,1.0125,0.2875,15.9607685,7.98038425,3.572037,5.2446575,9.0
169,F,1.65,1.325,0.4375,44.91978275,20.34076625,8.901743,11.55242125,10.0
170,I,0.825,0.575,0.2,4.80524025,2.45223175,0.72291225,1.304077,6.0
171,I,0.45,0.3125,0.1,0.69456275,0.26932025,0.226796,0.226796,4.0
172,F,1.5,1.2,0.4,29.44095575,12.94154675,6.4353365,7.7961125,12.0
173,M,1.55,1.2,0.4125,32.95629375,15.06775925,7.95203475,9.355335,9.0
174,M,1.45,1.1625,0.4,31.18445,11.1413535,6.350288,11.3398,16.0
175,I,0.775,0.575,0.1875,3.6003865,1.2190285,0.83631025,1.13398,6.0
176,I,1.2625,0.9625,0.325,18.21455375,8.40562675,3.86970675,4.63514325,8.0
177,I,1.05,0.8,0.25,11.8217415,5.1312595,2.551455,2.83495,7.0
178,M,1.625,1.225,0.4125,31.65221675,11.2547515,7.7961125,9.07184,10.0
179,F,1.5,1.175,0.4,28.76056775,12.927372,6.44951125,8.6465975,9.0
180,I,0.875,0.6625,0.175,5.42892925,2.14038725,1.13398,1.70097,6.0
181,M,1.3625,1.075,0.375,20.638436,8.34892775,4.32329875,6.6621325,10.0
182,F,1.55,1.2,0.375,32.6869735,15.03940975,6.90310325,9.355335,9.0
183,F,1.4375,1.1375,0.4125,25.2027055,11.0846545,5.99591925,6.7755305,9.0
184,M,1.5125,1.1875,0.4125,39.179009,16.4710595,8.34892775,10.489315,9.0
185,M,1.4625,1.2,0.4125,32.02076025,15.025235,6.67630725,8.9300925,10.0
186,M,1.35,1.1,0.3625,24.777463,9.6671795,5.99591925,7.37087,12.0
187,F,1.4625,1.125,0.3875,21.829115,8.7599955,5.42892925,7.2291225,12.0
188,I,0.9625,0.75,0.2125,7.10154975,3.458639,1.51669825,2.26796,7.0
189,M,1.55,1.175,0.4375,27.385617,11.396499,4.8477645,9.2135875,10.0
190,M,1.225,0.9125,0.3375,14.2030995,6.36446275,3.628736,4.592619,10.0
191,I,0.9125,0.675,0.25,6.3219385,2.83495,1.190679,1.8427175,6.0
192,M,1.675,1.3125,0.4625,38.68289275,15.97494325,9.51125725,10.6310625,11.0
193,F,1.575,1.2125,0.425,33.6508565,16.03164225,6.67630725,8.7599955,9.0
194,I,1.05,0.8125,0.225,8.845044,3.69960975,1.70097,2.4664065,7.0
195,M,1.2875,0.9875,0.3375,18.71067,7.087375,3.7137845,6.6621325,11.0
196,I,1.325,1.0625,0.3625,21.70154225,10.61688775,4.74854125,6.23689,9.0
197,I,1.1375,0.8875,0.3125,12.74310025,5.28718175,2.5231055,4.6776675,8.0
198,F,1.8375,1.375,0.5125,53.4388075,26.97454925,12.47378,13.891255,11.0
199,M,1.4625,1.125,0.3625,27.91008275,7.92368525,6.19436575,8.221355,17.0
200,M,1.5,1.175,0.3625,25.8830935,10.035723,5.17378375,8.1930055,13.0
201,F,1.3125,1.025,0.3,22.43862925,9.2702865,4.932813,6.0951425,10.0
202,M,1.3,1.05,0.3375,18.313777,6.84640425,4.57844425,5.8116475,8.0
203,I,1.025,0.75,0.25,8.618248,3.6570855,1.7293195,2.4097075,8.0
204,I,1.1,0.85,0.3,13.2392165,6.293589,2.8066005,3.2601925,8.0
205,M,1.5375,1.2,0.4625,29.596878,11.453198,6.13766675,9.922325,14.0
206,I,0.75,0.55,0.2,3.6003865,1.85689225,0.850485,1.20485375,7.0
207,F,1.6125,1.3,0.5,44.9906565,20.525038,9.62465525,9.922325,11.0
208,M,1.45,1.1,0.3125,16.31513725,7.654365,3.515338,5.0178615,9.0
209,F,1.0875,0.8125,0.3,10.41844125,4.37999775,2.9766975,3.40194,9.0
210,I,0.9875,0.7375,0.25,8.74582075,3.67126025,1.871067,2.4097075,7.0
211,M,1.4,1.1,0.3625,26.03901575,12.927372,5.45727875,8.0796075,9.0
212,M,1.4375,1.125,0.3375,24.323871,13.93377925,4.86193925,6.520385,8.0
213,I,0.9875,0.7875,0.2375,7.44174375,3.0900955,1.7293195,2.4097075,7.0
214,M,1.55,1.225,0.3875,33.38153625,14.21727425,8.37727725,8.6465975,9.0
215,F,1.175,0.9125,0.2625,15.74814725,6.67630725,3.04757125,4.9611625,8.0
216,I,0.8125,0.675,0.175,5.2446575,1.77184375,1.2757275,1.984465,6.0
217,M,1.1375,0.8625,0.3125,9.93649975,4.32329875,1.74349425,3.5436875,12.0
218,M,1.5,1.2375,0.4375,36.47163175,13.947954,8.46232575,11.056305,12.0
219,I,1.4375,1.0875,0.35,21.0069795,9.76640275,4.66349275,6.23689,8.0
220,M,1.1875,0.9125,0.2875,14.061352,6.30776375,2.36718325,3.96893,7.0
221,I,0.8,0.6,0.225,4.819415,1.587572,1.03475675,1.417475,7.0
222,I,0.9375,0.6875,0.2375,6.4353365,2.65067825,1.43164975,1.984465,6.0
223,M,1.5375,1.2375,0.4,36.7693015,16.612807,8.85921875,9.4970825,13.0
224,M,1.55,1.25,0.4375,36.27318525,16.37183625,5.93922025,10.0640725,10.0
225,M,1.575,1.225,0.4125,35.98969025,17.56251525,7.881161,8.97261675,10.0
226,M,1.45,1.1625,0.3375,29.6819265,13.2959155,7.41339425,7.5126175,9.0
227,I,0.6875,0.5,0.1875,3.67126025,1.54504775,0.94970825,0.9922325,6.0
228,F,1.175,0.95,0.3125,16.85377775,6.860579,4.09650275,5.10291,18.0
229,F,1.3,1.0,0.35,23.019794,9.68135425,5.0745605,6.80388,9.0
230,M,1.5875,1.2125,0.425,38.82464025,17.0380495,8.34892775,8.3631025,11.0
231,F,1.7,1.375,0.45,49.68249875,19.447757,8.561549,14.0330025,12.0
232,M,1.475,1.175,0.3875,27.4139665,10.73028575,4.40834725,8.9867915,14.0
233,F,1.4875,1.1875,0.4625,31.59551775,11.8784405,6.2652395,10.3475675,10.0
234,M,1.3125,1.0625,0.375,23.48756075,8.7599955,5.896696,7.2291225,10.0
235,F,1.2,0.975,0.2875,17.50581625,7.0590255,4.09650275,4.9611625,11.0
236,I,0.35,0.2625,0.0875,0.963883,0.24097075,0.1417475,0.1417475,5.0
237,M,1.2875,1.0,0.3125,17.349894,4.6776675,3.72795925,5.386405,16.0
238,M,1.475,1.1125,0.4,26.138239,10.77281,6.90310325,7.7961125,15.0
239,I,1.1,0.85,0.275,10.4609655,4.5075705,2.2396105,3.40194,8.0
240,M,1.525,1.1875,0.4375,29.48348,12.870673,6.8322295,8.788345,9.0
241,I,1.0375,0.8125,0.275,10.95708175,4.9044635,2.0128145,3.118445,8.0
242,F,1.6,1.2625,0.4,33.40988575,13.7495075,7.087375,9.05766525,11.0
243,F,1.5,1.1375,0.3625,24.56484175,11.0846545,5.386405,6.520385,11.0
244,I,1.375,1.05,0.275,23.51591025,11.4248485,5.54232725,5.6982495,9.0
245,F,1.5,1.175,0.375,27.82503425,11.4248485,6.9456275,7.087375,11.0
246,M,1.1875,0.9,0.35,16.839603,6.8322295,3.40194,5.10291,15.0
247,M,1.5,1.125,0.3875,27.37144225,12.190285,6.02426875,6.9456275,9.0
248,I,0.9375,0.725,0.25,9.25611175,4.479221,1.97029025,2.551455,7.0
249,M,1.5375,1.1375,0.375,28.08017975,14.0330025,5.783298,7.087375,12.0
250,M,1.625,1.2875,0.3875,37.98833,18.07280625,9.7805775,9.7805775,11.0
251,F,1.375,1.05,0.325,18.030282,7.24329725,4.09650275,4.97533725,8.0
252,F,1.1875,0.9375,0.3,15.3370795,5.953395,3.231843,5.2446575,14.0
253,I,1.0375,0.8125,0.25,10.24834425,4.43669675,2.08368825,2.9766975,7.0
254,M,1.575,1.225,0.4125,31.808139,13.1258185,7.7961125,8.9300925,10.0
255,I,0.475,0.35,0.0875,0.907184,0.340194,0.226796,0.283495,4.0
256,M,1.3125,1.0125,0.325,19.901349,8.46232575,4.3374735,6.23689,11.0
257,I,0.95,0.75,0.225,6.1518415,2.19708625,1.17650425,2.19708625,7.0
258,F,1.325,1.0125,0.4125,22.32523125,9.62465525,5.68407475,6.0951425,8.0
259,M,1.15,0.8875,0.3125,13.9196045,5.40057975,2.96252275,4.3941725,10.0
260,F,1.25,0.9625,0.325,16.8112535,6.066793,3.07592075,5.5281525,10.0
261,I,1.125,0.85,0.2375,10.9145575,4.23825025,2.25378525,2.9766975,8.0
262,F,1.65,1.2625,0.4125,37.0527965,13.380964,6.577084,11.90679,16.0
263,I,0.95,0.725,0.25,8.63242275,3.40194,1.587572,2.324659,7.0
264,M,1.3,1.0125,0.375,16.91047675,6.84640425,3.50116325,6.3219385,9.0
265,F,1.5375,1.225,0.4125,36.95357325,16.953001,7.27164675,9.07184,11.0
266,M,1.075,0.8,0.25,10.41844125,4.706017,2.3530085,2.9766975,7.0
267,M,1.5125,1.2,0.3875,27.499015,12.82814875,5.1879585,7.654365,10.0
268,I,1.0875,0.8375,0.25,11.169703,4.6776675,2.05533875,3.2034935,8.0
269,F,1.425,1.2,0.425,26.01066625,11.04213025,5.40057975,8.221355,12.0
270,I,0.675,0.5,0.15,2.381358,0.963883,0.32601925,0.850485,4.0
271,M,1.7,1.35,0.4875,50.972401,24.13959925,10.13494625,13.1825175,11.0
272,M,1.5375,1.15,0.45,31.808139,12.11941125,7.52679225,9.63883,12.0
273,I,1.3,1.0,0.3625,17.5483405,7.3992195,4.2240755,5.37223025,9.0
274,F,1.425,1.0625,0.3875,27.78251,12.68640125,5.9817445,9.2135875,12.0
275,M,1.325,1.0125,0.325,18.27125275,7.24329725,4.706017,5.88252125,10.0
276,M,1.425,1.1,0.3375,26.63435525,11.9351395,5.9250455,7.2291225,10.0
277,M,1.425,1.125,0.35,24.64989025,12.1619355,4.97533725,6.23689,9.0
278,I,1.25,0.95,0.3125,14.78426425,6.81805475,3.912231,4.7343665,9.0
279,F,1.2625,1.0,0.35,21.035329,7.654365,5.896696,7.087375,11.0
280,M,1.225,0.95,0.3625,18.01610725,6.8889285,4.025629,5.5281525,15.0
281,I,0.6875,0.5,0.1875,2.608154,1.17650425,0.49611625,0.86465975,5.0
282,I,1.1,0.8125,0.325,10.716111,3.798833,2.33883375,3.40194,8.0
283,M,1.3,1.0125,0.4125,19.7029025,8.4198015,4.5075705,6.0951425,10.0
284,M,1.625,1.3,0.425,39.2073585,16.2442635,8.85921875,12.757275,13.0
285,M,1.425,1.1375,0.375,33.8776525,16.0174675,6.36446275,8.6465975,10.0
286,I,0.9625,0.7,0.25,8.06543275,3.44446425,1.70097,2.4097075,7.0
287,I,1.075,0.8375,0.2625,10.41844125,4.46504625,2.041164,3.40194,9.0
288,I,1.2125,0.95,0.3125,14.3731965,5.34388075,2.6932025,4.252425,10.0
289,I,0.6875,0.5125,0.175,2.7499015,1.0489315,0.52446575,0.850485,6.0
290,M,1.4875,1.1625,0.3625,29.1149365,12.94154675,7.257472,8.221355,10.0
291,M,1.4375,1.1375,0.4,30.674159,14.04717725,6.19436575,8.50485,9.0
292,F,1.4625,1.1625,0.375,27.76833525,12.0485375,6.93145275,8.50485,13.0
293,F,1.5625,1.225,0.3875,32.95629375,13.13999325,5.59902625,12.190285,16.0
294,I,1.2125,0.975,0.25,16.9246515,7.994559,3.27436725,3.9405805,7.0
295,M,1.6125,1.275,0.4875,41.8722115,18.0586315,8.2497045,11.623295,9.0
296,I,1.1375,0.9125,0.3375,13.891255,6.4920355,3.13261975,3.288542,7.0
297,F,1.2625,1.0125,0.3,22.77882325,11.4248485,5.556502,5.2446575,8.0
298,I,1.025,0.7875,0.2625,9.1001895,3.55786225,1.85689225,2.778251,7.0
299,M,1.4875,1.125,0.4125,29.9087225,13.65028425,5.76912325,7.7961125,10.0
300,M,1.575,1.2875,0.425,35.210079,11.3681495,5.48562825,9.07184,14.0
301,F,1.05,0.85,0.2625,11.77921725,4.66349275,2.6932025,3.8271825,14.0
302,I,0.7375,0.5875,0.2,3.72795925,1.7860185,0.793786,1.417475,7.0
303,I,1.2,0.95,0.3,16.839603,7.824462,3.72795925,4.139027,9.0
304,M,1.5875,1.2125,0.425,32.6869735,14.911837,6.90310325,10.942907,11.0
305,F,1.5625,1.2125,0.425,35.3518265,17.6050395,7.66853975,10.489315,10.0
306,I,1.2125,0.9875,0.3125,14.69921575,6.81805475,3.52951275,4.6776675,8.0
307,I,1.1875,0.9375,0.2875,14.911837,6.8322295,2.93417325,4.422522,11.0
308,M,1.525,1.2,0.4375,32.92794425,14.18892475,8.391452,8.9300925,10.0
309,M,1.4375,1.125,0.3375,28.462898,12.96989625,6.90310325,8.221355,11.0
310,F,1.3875,1.1,0.3375,26.0531905,10.149121,5.71242425,8.3631025,8.0
311,M,1.5125,1.1375,0.4125,28.7180435,10.16329575,5.8683465,11.1980525,13.0
312,I,1.2625,0.9375,0.3,14.69921575,5.68407475,2.9766975,4.53592,8.0
313,F,1.2125,0.9125,0.3375,15.66309875,6.10931725,3.50116325,4.6776675,13.0
314,M,0.9875,0.775,0.3,8.17883075,3.1467945,1.7293195,2.67902775,16.0
315,M,1.6,1.2,0.4125,35.0116325,14.344847,7.767763,8.6465975,12.0
316,I,1.175,0.9375,0.3625,16.42853525,7.030676,3.6570855,4.9611625,8.0
317,F,1.45,1.1125,0.3625,26.63435525,10.61688775,5.82582225,8.221355,18.0
318,M,1.575,1.2625,0.3875,34.6147395,15.3370795,7.3992195,8.788345,10.0
319,I,1.55,1.2125,0.375,34.60056475,17.57669,6.73300625,8.9300925,8.0
320,I,1.5375,1.1875,0.3875,29.27085875,12.8423235,7.27164675,7.5126175,9.0
321,F,1.525,1.175,0.4,31.22697425,13.11164375,7.0023265,7.37087,10.0
322,I,1.4375,1.125,0.3375,22.58037675,10.432616,4.32329875,6.690482,8.0
323,M,1.45,1.175,0.3875,24.6357155,8.46232575,4.5642695,8.3631025,13.0
324,M,1.575,1.225,0.3875,34.8415355,14.92601175,7.3425205,9.4970825,9.0
325,M,1.3125,1.0125,0.35,25.52872475,9.68135425,5.40057975,6.0951425,8.0
326,I,1.3,1.0,0.325,18.01610725,8.9300925,4.2807745,4.53592,8.0
327,M,0.7,0.5375,0.1875,4.082328,1.85689225,0.7654365,1.247378,10.0
328,F,1.425,1.1,0.3375,26.40755925,12.0485375,4.49339575,7.37087,9.0
329,I,1.0625,0.7625,0.2625,9.19941275,3.6570855,1.74349425,2.82077525,6.0
330,I,1.3125,1.0,0.375,20.79435825,9.31281075,4.422522,5.10291,10.0
331,M,1.775,1.375,0.4375,44.80638475,20.695135,9.015141,11.3398,10.0
332,F,1.5,1.125,0.5625,27.91008275,10.21999475,4.89028875,9.2135875,22.0
333,F,1.325,0.9625,0.3375,22.75047375,9.128539,4.72019175,6.520385,11.0
334,F,1.4125,1.125,0.4,27.20134525,7.55514175,4.819415,8.3631025,12.0
335,I,1.075,0.8,0.275,10.716111,4.9611625,2.608154,3.40194,7.0
336,I,1.075,0.8375,0.2625,10.2908685,4.46504625,1.99863975,3.118445,8.0
337,I,0.925,0.6875,0.225,6.05261825,2.84912475,1.51669825,1.984465,6.0
338,F,1.5875,1.3,0.4125,36.86852475,17.08057375,8.901743,10.6310625,11.0
339,F,1.45,1.15,0.4,28.22192725,10.19164525,6.350288,8.0796075,11.0
340,I,0.9,0.6875,0.2375,6.81805475,2.6932025,1.48834875,1.984465,6.0
341,F,1.5,1.175,0.4,33.26813825,14.84096325,7.10154975,10.035723,13.0
342,I,0.9375,0.7,0.2375,6.1518415,2.84912475,1.63009625,2.4097075,7.0
343,F,1.6375,1.2875,0.4625,36.1456125,17.56251525,7.35669525,8.9300925,10.0
344,I,0.6875,0.55,0.2,2.721552,1.247378,0.7654365,0.850485,5.0
345,F,1.5625,1.25,0.475,39.81687275,13.834556,9.07184,11.1980525,24.0
346,I,1.1875,0.875,0.275,14.92601175,7.49844275,2.8066005,3.6570855,7.0
347,F,1.3125,1.0375,0.3625,22.5945515,6.4920355,3.9405805,7.087375,19.0
348,F,1.4375,1.125,0.375,27.499015,13.19669225,4.63514325,7.5126175,11.0
349,F,1.4875,1.1625,0.4125,27.71163625,13.5227115,6.2652395,7.3425205,11.0
350,I,0.85,0.65,0.225,6.02426875,2.42388225,1.0489315,1.8427175,7.0
351,I,1.275,1.0,0.3125,19.57532975,9.015141,3.7137845,4.9611625,8.0
352,I,1.0,0.75,0.225,7.49844275,3.50116325,1.13398,2.551455,7.0
353,F,1.6625,1.3375,0.45,45.2741515,20.62426125,10.24834425,13.3526145,10.0
354,M,1.525,1.175,0.375,33.40988575,18.07280625,8.60407325,7.0590255,9.0
355,I,0.9125,0.6625,0.225,6.0384435,2.721552,1.1623295,1.7293195,6.0
356,I,1.15,0.875,0.3,12.7856245,5.329706,2.4664065,3.5436875,8.0
357,I,1.05,0.75,0.275,7.3425205,3.912231,1.68679525,2.4097075,6.0
358,M,1.45,1.175,0.375,28.462898,12.26115875,4.6209685,7.5126175,13.0
359,M,1.6125,1.3125,0.4625,43.27551175,19.94387325,11.3398,11.1980525,11.0
360,I,0.5375,0.325,0.1375,1.45999925,0.5386405,0.18427175,0.35436875,4.0
361,I,1.1,0.8625,0.275,10.41844125,4.8477645,1.88524175,3.40194,8.0
362,M,1.4375,1.125,0.3375,24.50814275,10.84368375,5.71242425,6.747181,9.0
363,M,1.3,1.025,0.3,15.87572,8.51902475,3.8838815,4.29494925,7.0
364,I,0.925,0.7,0.2125,6.30776375,2.65067825,1.3891255,1.70097,5.0
365,F,1.5875,1.3125,0.45,36.85435,16.329312,9.11436425,10.3475675,14.0
366,M,1.4625,1.1625,0.425,30.71668325,12.927372,6.80388,11.056305,14.0
367,M,1.2875,1.0125,0.35,20.638436,8.561549,4.3374735,6.3786375,9.0
368,F,1.45,1.15,0.4,26.12406425,9.2135875,5.3580555,8.3631025,14.0
369,F,1.525,1.2,0.375,30.8159065,13.65028425,7.27164675,8.77417025,9.0
370,I,0.95,0.725,0.2125,7.72523875,3.16096925,1.68679525,2.4097075,6.0
371,I,1.3,1.0,0.375,18.83824275,7.9662095,4.72019175,5.10291,9.0
372,I,0.75,0.575,0.2,3.58621175,1.530873,0.75126175,1.13398,6.0
373,F,1.625,1.3125,0.475,45.302501,16.44271,9.53960675,12.03436275,17.0
374,M,1.4875,1.175,0.375,31.127751,11.8217415,6.30776375,10.3475675,18.0
375,M,1.4375,1.1875,0.4,27.499015,10.13494625,6.16601625,8.221355,15.0
376,F,1.3875,1.05,0.375,21.1203775,8.17883075,4.3374735,7.37087,10.0
377,M,1.275,1.0,0.3125,19.43358225,8.3064035,4.23825025,5.00368675,9.0
378,F,1.4125,1.1125,0.35,21.16290175,8.77417025,4.35164825,7.087375,11.0
379,F,1.7125,1.3375,0.5,50.6605565,19.5895045,11.15552825,13.891255,15.0
380,I,0.7875,0.575,0.2125,4.252425,1.71514475,1.077281,1.2757275,9.0
381,I,0.9,0.6625,0.225,5.5848515,2.14038725,1.0489315,1.74349425,7.0
382,I,0.8125,0.6,0.2125,4.72019175,2.31048425,0.907184,1.13398,6.0
383,F,1.575,1.2375,0.375,38.00250475,17.93105875,9.31281075,8.788345,9.0
384,F,1.45,1.1875,0.475,38.20095125,12.3320325,6.747181,14.401546,19.0
385,F,1.6625,1.3125,0.45,39.7743485,20.2131935,8.88756825,9.7805775,9.0
386,F,1.55,1.225,0.375,34.0194,15.0535845,8.85921875,8.391452,14.0
387,F,1.4625,1.125,0.3375,26.9036755,10.95708175,5.6699,7.5126175,12.0
388,M,1.5125,1.15,0.375,31.581343,14.04717725,7.24329725,7.087375,9.0
389,I,1.175,0.9,0.3125,12.6722265,4.7343665,2.99087225,4.53592,13.0
390,F,1.4,1.0875,0.3375,24.81998725,11.01378075,5.76912325,6.80388,8.0
391,F,1.5875,1.275,0.3625,33.3106625,13.097469,6.76135575,8.3631025,11.0
392,I,0.85,0.6625,0.225,5.06038575,2.31048425,1.48834875,1.5592225,6.0
393,F,1.3,1.0,0.325,19.74542675,8.32057825,3.84135725,5.386405,11.0
394,M,1.6,1.2625,0.4625,47.89648025,20.14231975,9.5537815,12.85649825,15.0
395,F,1.5125,1.175,0.375,32.16250775,12.82814875,7.24329725,8.9300925,15.0
396,I,0.8875,0.675,0.175,5.5848515,2.02698925,0.89300925,1.8427175,7.0
397,F,1.4125,1.1,0.3875,28.44872325,9.7805775,7.07320025,9.7805775,13.0
398,I,0.9625,0.7,0.225,6.13766675,2.65067825,1.871067,2.1262125,7.0
399,F,1.6375,1.3625,0.475,36.69842775,16.5277585,8.6465975,10.20582,11.0
400,F,1.2,0.925,0.2875,16.42853525,6.633783,3.7137845,4.3941725,8.0
401,F,1.4875,1.1875,0.4625,32.034935,13.5227115,7.144074,9.63883,11.0
402,M,1.5625,1.2375,0.4125,31.51046925,13.2959155,8.60407325,8.5331995,9.0
403,I,1.4375,1.0875,0.35,21.9708625,10.432616,5.2446575,6.0951425,9.0
404,M,1.2875,0.9625,0.3375,19.17843675,9.695529,4.3941725,5.046211,8.0
405,I,1.4375,1.1125,0.375,22.01338675,10.98543125,4.97533725,7.087375,9.0
406,M,1.6875,1.3125,0.4375,44.55123925,18.8524175,10.75863525,11.4815475,11.0
407,M,1.3375,1.05,0.35,22.8213475,9.015141,4.6209685,6.19436575,10.0
408,F,1.625,1.2125,0.375,33.55163325,16.23008875,7.654365,8.334753,10.0
409,F,1.5875,1.2625,0.4625,36.55668025,16.669506,8.20718025,10.3475675,12.0
410,I,1.0375,0.775,0.225,9.6104805,3.798833,2.42388225,3.40194,9.0
411,I,0.5625,0.4,0.1,1.31825175,0.49611625,0.4252425,0.4252425,5.0
412,M,1.6,1.2125,0.4125,34.5580405,14.67086625,7.27164675,9.6671795,11.0
413,M,1.2625,0.9375,0.375,16.68368075,7.030676,3.515338,4.9611625,10.0
414,I,1.2375,0.9625,0.3,16.7120303,8.74582075,3.07592075,4.876114,8.0
415,F,1.3875,1.0625,0.3875,24.70658925,10.47514025,4.3374735,7.2291225,11.0
416,I,1.125,0.825,0.2625,12.417081,5.74077375,2.5231055,2.76407625,6.0
417,F,1.425,1.1125,0.3625,26.32251075,10.829509,5.443104,7.93786,8.0
418,F,1.2375,0.9375,0.375,19.20678625,9.25611175,3.64291075,5.216308,8.0
419,F,1.45,1.1375,0.4,27.895908,12.37455675,4.57844425,7.654365,10.0
420,F,1.425,1.1,0.3375,23.24659,11.15552825,5.3013565,7.087375,9.0
421,I,1.1375,0.8375,0.35,14.2030995,6.3786375,2.99087225,3.8271825,9.0
422,I,1.0125,0.775,0.25,7.72523875,3.95475525,1.7293195,2.4097075,7.0
423,M,1.425,1.1375,0.4,27.9809565,10.95708175,5.8683465,7.5126175,12.0
424,I,0.7875,0.575,0.1625,3.005047,1.190679,0.63786375,0.793786,4.0
425,M,1.5625,1.225,0.4,32.16250775,13.4660125,7.15824875,9.922325,10.0
426,F,1.3875,1.0875,0.35,20.76600875,8.4198015,3.98310475,6.3786375,9.0
427,I,0.9625,0.7,0.2375,8.40562675,3.44446425,1.6159215,2.494756,6.0
428,I,1.1875,0.875,0.3,13.8062065,6.73300625,3.6003865,3.81300775,9.0
429,I,1.3125,1.0625,0.325,22.8213475,9.99319875,5.23048275,6.9456275,9.0
430,M,1.4875,1.25,0.4375,36.117263,13.2392165,7.24329725,11.623295,14.0
431,F,1.3375,1.0125,0.3625,24.16794875,12.37455675,4.7910655,5.2446575,8.0
432,I,0.925,0.6875,0.225,5.79747275,2.438057,1.587572,2.1262125,6.0
433,F,1.625,1.275,0.4125,38.55532,17.2081465,9.015141,9.355335,12.0
434,M,1.575,1.175,0.4125,32.98464325,15.4504775,7.1724235,8.9300925,9.0
435,I,0.85,0.65,0.2125,6.64795775,2.9766975,1.77184375,1.984465,6.0
436,I,1.125,0.875,0.3125,14.1464005,6.4920355,2.50893075,4.3941725,7.0
437,M,1.25,0.95,0.3,16.159215,7.087375,3.81300775,5.2446575,8.0
438,F,1.2625,0.975,0.3125,18.86659225,7.540967,4.89028875,5.5281525,12.0
439,M,1.8375,1.4625,0.4875,53.580555,24.9192105,13.380964,18.8524175,10.0
440,I,0.425,0.325,0.1125,0.8221355,0.3685435,0.12757275,0.24097075,5.0
441,I,1.1125,0.8625,0.3,11.46737275,4.86193925,2.36718325,3.13261975,7.0
442,F,1.425,1.125,0.3625,24.67823975,12.62970225,6.05261825,6.0384435,10.0
443,M,1.375,1.0625,0.325,22.2543575,7.484268,4.57844425,7.7961125,13.0
444,M,1.2125,0.9125,0.3125,14.5999925,5.953395,3.7137845,4.3941725,7.0
445,I,1.1,0.8,0.25,10.73028575,4.0539785,2.26796,2.83495,7.0
446,M,1.05,0.8125,0.3,15.37960375,5.443104,3.6003865,4.9611625,10.0
447,I,1.3125,1.0625,0.35,21.829115,11.41067375,5.59902625,5.386405,8.0
448,M,1.575,1.2625,0.4125,35.2289195,14.84096325,7.01650125,9.4970825,11.0
449,M,1.6125,1.2875,0.4,39.27823225,16.62698175,9.11436425,11.509897,10.0
450,F,1.625,1.2625,0.475,39.13648475,16.0174675,10.942907,11.056305,14.0
451,F,1.0375,0.8125,0.225,11.8217415,4.77689075,1.74349425,3.685435,7.0
452,M,1.5125,1.2125,0.425,29.97959625,12.85649825,7.484268,8.50485,9.0
453,M,1.4375,1.1125,0.375,24.36639525,12.3320325,4.5075705,7.37087,9.0
454,F,1.375,1.1,0.4125,19.43358225,7.81028725,4.2240755,7.4559185,10.0
455,F,1.775,1.325,0.4875,43.4597835,18.9091165,7.6260155,11.90679,11.0
456,I,1.2,0.925,0.3125,13.99047825,5.556502,2.96252275,4.252425,9.0
457,F,1.1,0.85,0.3125,11.38232425,4.74854125,2.87747425,3.40194,15.0
458,I,1.0,0.75,0.225,7.24329725,3.86970675,1.11980525,2.6932025,7.0
459,I,1.5,1.175,0.4375,29.49765475,12.813974,7.29999625,8.9300925,16.0
460,F,1.525,1.175,0.4,32.034935,13.87708025,6.50621025,8.788345,10.0
461,I,1.175,0.9,0.3,14.004653,6.25106475,2.99087225,3.75630875,7.0
462,F,1.3625,1.1,0.375,19.43358225,8.15048125,4.57844425,6.23689,8.0
463,F,1.5625,1.175,0.4625,37.37881575,16.5277585,9.6104805,10.0640725,11.0
464,I,1.225,0.925,0.3,16.5844575,8.00873375,3.118445,3.685435,9.0
465,M,1.425,1.0875,0.4125,27.71163625,13.42348825,5.1879585,7.64019025,9.0
466,M,1.4375,1.125,0.375,27.14794725,11.18387775,6.22271525,6.3786375,13.0
467,F,1.325,1.0625,0.325,26.01066625,10.432616,5.896696,7.2291225,8.0
468,I,1.0875,0.8125,0.275,10.886208,4.0539785,2.26796,2.83495,8.0
469,I,1.2,0.925,0.3,14.64251675,5.2446575,3.061746,4.43669675,9.0
470,I,1.225,0.9375,0.3,14.2030995,5.28718175,3.061746,5.386405,13.0
471,F,1.375,1.0625,0.375,22.849697,9.05766525,4.80524025,6.9456275,11.0
472,F,1.5375,1.2125,0.4125,35.19590425,14.344847,7.4559185,8.9300925,15.0
473,I,1.3875,1.075,0.3625,22.452804,10.2341695,5.216308,6.0384435,8.0
474,I,1.2125,0.9375,0.3,16.556108,7.994559,3.64291075,4.9611625,8.0
475,I,0.4375,0.3125,0.1375,0.9355335,0.35436875,0.15592225,0.1417475,4.0
476,F,1.4375,1.175,0.3375,30.8726055,13.9763035,5.216308,7.7961125,9.0
477,F,1.5,1.15,0.375,28.27862625,14.0330025,5.93922025,7.01650125,8.0
478,M,1.1625,0.8875,0.2625,14.571643,6.36446275,3.5436875,3.5436875,10.0
479,F,1.425,1.1125,0.375,26.03901575,12.20445975,5.40057975,6.747181,10.0
480,I,1.25,0.9375,0.3375,17.463292,8.32057825,3.18931875,5.5281525,8.0
481,F,1.725,1.35,0.45,47.740558,20.65261075,10.24834425,13.04077,11.0
482,F,1.2875,0.9625,0.35,19.29183475,9.07184,3.515338,4.9611625,9.0
483,I,0.9,0.6625,0.225,5.0745605,2.19708625,1.17650425,1.70097,7.0
484,I,1.4375,1.125,0.3625,24.84833675,11.113004,5.93922025,7.1157245,11.0
485,M,1.625,1.3,0.4375,41.107551,17.08057375,8.43397625,11.24057675,12.0
486,I,0.7375,0.5375,0.2125,3.64291075,1.530873,0.83631025,1.13398,6.0
487,I,0.625,0.4625,0.1625,2.0128145,0.7654365,0.510291,0.63786375,5.0
488,F,1.625,1.3,0.4125,44.9906565,19.504456,9.53960675,10.61688775,11.0
489,I,0.9625,0.7625,0.225,7.55514175,2.721552,1.7293195,2.26796,8.0
490,I,1.0,0.825,0.2625,10.44679075,4.32329875,1.70097,3.8271825,6.0
491,I,1.1,0.8875,0.2625,13.8062065,5.499803,2.48058125,3.5436875,8.0
492,I,1.2,0.8875,0.3125,16.45688475,7.540967,3.0333965,6.23689,10.0
493,I,0.775,0.5625,0.1875,3.92640575,1.63009625,0.77961125,1.13398,5.0
494,I,0.775,0.5625,0.175,3.96893,1.60174675,0.77961125,1.26155275,9.0
495,F,1.4,1.1625,0.4,25.16018125,11.43902325,4.80524025,6.87475375,9.0
496,M,1.2625,1.0125,0.35,19.17843675,8.29222875,4.09650275,4.35164825,14.0
497,M,1.5,1.1875,0.4625,29.937072,12.8423235,7.01650125,8.788345,13.0
498,F,1.6125,1.25,0.4125,38.00250475,16.20173925,8.334753,9.4970825,13.0
499,M,1.45,1.175,0.4125,28.44872325,11.8784405,6.53455975,9.355335,15.0
500,I,0.475,0.325,0.075,0.680388,0.2551455,0.1417475,0.2551455,4.0
501,F,1.8,1.4,0.4625,49.54075125,24.28134675,11.35397475,11.90679,12.0
502,M,1.2625,0.975,0.3125,16.82542825,6.67630725,3.89805625,5.2446575,9.0
503,F,1.5,1.2,0.4125,30.957654,12.870673,5.8683465,10.489315,13.0
504,M,1.325,0.9875,0.2625,17.70426275,8.94426725,3.9972795,5.5281525,8.0
505,I,0.6625,0.4,0.1375,1.54504775,0.69456275,0.283495,0.56699,5.0
506,F,1.4375,1.125,0.35,26.94619975,11.396499,6.33611325,7.5126175,9.0
507,F,1.2,0.95,0.3,16.68368075,7.41339425,4.89028875,4.0539785,8.0
508,F,1.3375,1.05,0.3875,24.87668625,10.64523725,4.8477645,7.087375,11.0
509,I,1.325,1.05,0.3625,23.09066775,10.61688775,5.1312595,6.6621325,10.0
510,F,1.5,1.1875,0.375,29.8520235,13.11164375,6.3219385,8.50485,10.0
511,F,1.6125,1.225,0.475,36.61337925,15.1102835,8.7032965,11.056305,13.0
512,M,1.525,1.225,0.375,35.096681,13.8062065,7.0023265,13.324265,11.0
513,I,0.775,0.5875,0.1875,4.20990075,1.871067,0.94970825,1.2757275,5.0
514,I,1.3625,1.075,0.375,23.700182,9.525432,4.66349275,6.520385,10.0
515,I,1.0625,0.7625,0.2375,9.525432,4.43669675,1.88524175,2.551455,7.0
516,M,1.4375,1.15,0.3875,31.25532375,15.46465225,7.41339425,7.087375,10.0
517,I,1.075,0.8,0.25,8.901743,3.72795925,2.26796,2.83495,7.0
518,I,1.3625,1.075,0.35,17.0380495,7.78193775,4.01145425,5.386405,10.0
519,I,1.25,1.0125,0.3625,17.50581625,7.6260155,4.15320175,6.0951425,8.0
520,M,1.5875,1.2875,0.4375,32.41765325,13.4660125,6.36446275,10.77281,11.0
521,F,1.5125,1.1875,0.35,28.36367475,12.0485375,5.62737575,7.654365,11.0
522,M,1.4125,1.1375,0.4125,31.127751,11.736693,6.066793,8.50485,9.0
523,I,0.7375,0.5375,0.225,3.81300775,1.54504775,0.8788345,1.13398,15.0
524,M,1.5375,1.1875,0.5,32.601925,13.13999325,6.08096775,8.9300925,12.0
525,I,1.1,0.775,0.225,10.3475675,4.9611625,2.45223175,2.9766975,7.0
526,I,0.9125,0.7,0.2125,6.36446275,2.67902775,1.11980525,1.5592225,7.0
527,F,1.2875,1.0,0.375,20.581737,7.3992195,3.92640575,8.788345,14.0
528,M,1.3125,1.0125,0.3625,19.71707725,7.81028725,4.06815325,6.23689,10.0
529,M,1.525,1.1875,0.375,32.034935,16.14504025,6.406987,7.5126175,9.0
530,F,1.6125,1.25,0.425,39.02308675,18.01610725,8.164656,9.4970825,11.0
531,F,1.475,1.15,0.325,28.2077525,13.60776,6.2652395,7.2291225,9.0
532,M,1.475,1.1625,0.3625,30.6458095,13.60776,7.881161,8.788345,10.0
533,M,1.5875,1.2375,0.4375,36.85435,16.612807,8.278054,10.3475675,10.0
534,I,0.5125,0.325,0.1125,0.9355335,0.41106775,0.41106775,0.283495,4.0
535,I,0.2875,0.3,0.0875,0.5953395,0.21262125,0.12757275,0.12757275,4.0
536,M,1.5125,1.175,0.3875,31.2694985,13.99047825,6.16601625,7.93786,11.0
537,I,0.9375,0.725,0.25,7.314171,3.16096925,1.8427175,2.1262125,6.0
538,I,0.9,0.6625,0.2375,6.1518415,2.50893075,1.6159215,2.551455,7.0
539,M,1.1875,0.9,0.325,13.53688625,5.96756975,2.9199985,3.8271825,8.0
540,F,1.6125,1.2625,0.4375,38.22930075,12.54465375,7.257472,12.757275,14.0
541,M,1.525,1.125,0.3875,26.09571475,11.26892625,5.23048275,7.2291225,9.0
542,M,1.525,1.2,0.4,28.76056775,13.62193475,6.19436575,8.50485,11.0
543,M,1.325,1.0625,0.325,20.3265915,8.97261675,4.15320175,5.3580555,9.0
544,F,1.6125,1.275,0.4,33.57998275,14.5432935,8.3631025,9.355335,11.0
545,F,1.3125,1.0375,0.3125,16.76872925,8.164656,3.7704835,4.6776675,8.0
546,F,1.7,1.25,0.45,43.02036625,19.6462035,10.432616,11.5949455,11.0
547,M,1.675,1.3375,0.475,45.7277435,19.46193175,8.80251975,13.324265,12.0
548,M,1.4625,1.1625,0.3125,27.78251,11.77921725,5.613201,8.50485,11.0
549,I,0.75,0.55,0.175,3.4302895,1.6159215,0.43941725,0.9922325,7.0
550,F,1.4125,1.1,0.3125,26.251637,11.15552825,5.62737575,6.6621325,8.0
551,I,1.25,1.0,0.375,16.5844575,6.73300625,3.8271825,5.6699,16.0
552,I,0.9125,0.675,0.225,6.42116175,2.721552,1.57339725,2.1262125,6.0
553,I,0.7,0.5,0.1875,3.30271675,1.45999925,0.8788345,0.850485,6.0
554,I,1.1875,0.8875,0.3125,13.39513875,5.9817445,3.061746,4.252425,9.0
555,I,0.7875,0.6,0.175,4.309124,1.8427175,1.077281,1.2757275,5.0
556,I,0.5625,0.425,0.175,1.80019325,0.850485,0.396893,0.56699,4.0
557,F,1.5,1.1625,0.35,24.64989025,12.74310025,5.1312595,6.80388,9.0
558,F,1.475,1.175,0.45,32.13415825,13.53688625,6.917278,8.6465975,9.0
559,M,1.4875,1.1875,0.425,30.8159065,9.922325,6.13766675,9.4970825,13.0
560,F,1.375,1.05,0.375,21.6873675,10.6877615,4.422522,5.2446575,9.0
561,I,0.6875,0.5125,0.1875,3.30271675,1.51669825,0.3685435,0.9922325,6.0
562,F,1.2,0.9125,0.3,18.80989325,8.674947,3.95475525,4.819415,7.0
563,M,1.625,1.2625,0.475,36.3724085,16.42853525,8.15048125,10.0640725,11.0
564,M,1.4375,1.125,0.375,24.79163775,11.15552825,4.12485225,7.93786,13.0
565,F,1.5375,1.2375,0.3875,34.3879435,15.09610875,5.57067675,9.922325,8.0
566,M,1.4375,1.125,0.3875,26.705229,11.1413535,5.556502,7.12989925,11.0
567,M,1.65,1.2625,0.4125,37.98833,17.08057375,8.29222875,9.922325,12.0
568,F,1.55,1.2,0.4,32.16250775,13.2959155,6.2652395,8.50485,15.0
569,F,1.4375,1.125,0.375,27.22969475,13.5794105,5.6982495,5.953395,8.0
570,M,1.1375,0.95,0.3,14.855138,4.7910655,3.64291075,4.6776675,14.0
571,M,1.175,0.9125,0.3125,15.35125425,7.98038425,3.07592075,4.3941725,9.0
572,I,1.2375,0.975,0.3125,14.5999925,6.0384435,3.0333965,4.9611625,8.0
573,M,1.3875,1.125,0.375,22.1976585,9.8372765,4.60679375,6.0951425,10.0
574,I,1.55,1.2375,0.45,36.756487,16.386011,8.051258,11.4815475,11.0
575,F,1.425,1.125,0.4125,26.2232875,10.489315,5.3013565,7.7961125,11.0
576,I,1.2875,0.975,0.3125,15.83319575,7.087375,3.41611475,4.3941725,7.0
577,I,1.075,0.8125,0.25,10.19164525,4.74854125,2.36718325,3.231843,7.0
578,F,1.5,1.225,0.4125,32.94309275,14.9968855,6.16601625,9.4970825,9.0
579,I,1.15,0.875,0.3,11.7650425,5.34388075,2.33883375,3.118445,7.0
580,M,1.525,1.1875,0.3875,24.28134675,12.0485375,4.86193925,6.3786375,11.0
581,F,1.525,1.2,0.425,29.1149365,12.1619355,6.010094,9.922325,10.0
582,M,1.6,1.3,0.45,38.952213,18.313777,8.4198015,10.489315,12.0
583,M,1.475,1.15,0.4,28.8314415,12.6722265,6.6054335,7.5126175,9.0
584,I,1.1875,0.9375,0.35,15.7906715,6.577084,3.55786225,5.2446575,8.0
585,I,1.15,0.875,0.325,14.118051,5.96756975,3.1467945,4.9611625,9.0
586,I,1.0,0.75,0.2375,8.09378225,3.912231,1.51669825,3.118445,7.0
587,M,1.2625,0.9625,0.3125,16.68368075,7.10154975,3.50116325,4.9611625,11.0
588,I,0.725,0.5625,0.175,3.81300775,1.644271,0.63786375,1.190679,3.0
589,F,1.375,1.0625,0.3375,22.6796,10.24834425,4.989512,6.520385,12.0
590,I,1.375,1.075,0.4,22.396105,10.95708175,4.91863825,7.7961125,9.0
591,M,1.3125,1.0,0.3,18.653971,8.63242275,4.89028875,5.6699,8.0
592,M,1.5625,1.2375,0.45,34.60056475,15.46465225,6.350288,10.0640725,11.0
593,M,1.3125,1.0,0.3125,19.447757,8.3631025,4.63514325,5.2446575,10.0
594,F,1.375,1.125,0.3375,26.365035,11.3398,6.690482,8.1930055,10.0
595,M,1.725,1.325,0.4375,35.210079,14.21727425,7.711064,11.056305,10.0
596,M,1.7625,1.4,0.4375,46.479221,23.96950225,8.03708325,11.7650425,10.0
597,I,1.55,1.2125,0.4,30.4190135,11.679994,6.64795775,9.07184,15.0
598,M,1.3625,1.1,0.4,24.16794875,9.82310175,6.2085405,7.5126175,14.0
599,I,0.6875,0.5125,0.15,2.6932025,1.34660125,0.58116475,0.850485,5.0
600,F,1.1875,0.9,0.3125,13.8062065,5.57067675,2.608154,4.53592,12.0
601,I,1.4375,1.075,0.325,18.75319425,8.4765005,3.64291075,5.03203625,9.0
602,M,1.225,0.9375,0.325,13.664459,5.5281525,3.1467945,4.6776675,10.0
603,F,1.2,0.925,0.3125,16.68368075,7.654365,3.41611475,4.3941725,8.0
604,I,1.075,0.85,0.2625,10.659412,4.46504625,1.48834875,2.9766975,6.0
605,I,1.3375,1.05,0.375,23.3883375,9.07184,4.2807745,8.0796075,8.0
606,M,1.25,0.95,0.3,16.896302,7.04485075,3.27436725,4.53592,8.0
607,I,0.7375,0.55,0.1625,3.6570855,1.74349425,0.72291225,0.9922325,6.0
608,M,1.4125,1.1375,0.425,30.85843075,14.55746825,5.2446575,7.087375,12.0
609,I,1.3625,1.075,0.35,22.8213475,10.8578585,4.3374735,6.23689,9.0
610,F,1.125,0.875,0.3125,13.60776,5.76912325,3.8271825,4.1106775,10.0
611,I,1.0875,0.825,0.275,11.169703,5.2446575,2.14038725,3.118445,7.0
612,I,1.3125,0.9875,0.3375,17.02387475,6.78970525,4.03980375,5.23048275,23.0
613,M,1.575,1.225,0.45,32.715323,13.8062065,7.07320025,8.9300925,11.0
614,I,1.3125,0.9625,0.375,20.19901875,9.36950975,4.6209685,5.8116475,9.0
615,I,1.575,1.2625,0.4125,36.457457,15.5071765,8.60407325,9.922325,9.0
616,M,1.55,1.225,0.4125,31.99241075,14.401546,7.41339425,9.48290775,10.0
617,M,1.2875,0.975,0.3,17.19397175,9.6671795,3.75630875,4.649318,8.0
618,M,1.5,1.075,0.375,24.7491135,12.927372,5.11708475,6.520385,8.0
619,F,1.7,1.375,0.4875,47.513762,16.51358375,10.87203325,13.60776,14.0
620,I,1.3875,1.025,0.45,21.432222,7.767763,4.60679375,7.7961125,21.0
621,F,1.3125,1.0,0.3125,21.1203775,8.12213175,4.479221,6.520385,15.0
622,I,1.4125,1.1,0.35,23.71435675,11.736693,5.726599,7.37087,9.0
623,I,0.7,0.5125,0.1875,2.8632995,0.97805775,0.60951425,0.850485,5.0
624,I,1.1875,0.8875,0.2875,14.33067225,6.27941425,3.78465825,4.53592,9.0
625,F,1.55,1.2125,0.475,32.16250775,12.85649825,7.35669525,10.0640725,11.0
626,I,0.9125,0.675,0.2125,5.06038575,2.324659,1.1056305,1.8427175,7.0
627,M,1.475,1.175,0.4,31.127751,13.60776,6.73300625,8.9300925,15.0
628,M,1.375,1.0625,0.325,24.9192105,10.035723,5.48562825,7.7961125,8.0
629,M,1.575,1.2125,0.375,31.99241075,13.65028425,7.484268,8.50485,10.0
630,I,0.625,0.4625,0.1875,2.438057,1.17650425,0.510291,0.7087375,4.0
631,I,1.325,1.0125,0.325,18.24290325,8.334753,4.89028875,5.10291,11.0
632,F,1.4625,1.175,0.4,31.56716825,11.226402,6.36446275,9.07184,17.0
633,I,0.6125,0.45,0.125,2.3530085,0.8788345,0.49611625,0.60951425,5.0
634,I,0.925,0.675,0.225,6.9456275,3.04757125,1.7860185,1.984465,6.0
635,M,0.8375,0.6875,0.225,4.819415,2.19708625,1.14815475,1.587572,6.0
636,M,1.75,1.3625,0.5125,43.7999775,17.293195,8.4765005,13.3526145,15.0
637,F,1.6125,1.1625,0.3125,28.81726675,13.9196045,6.76135575,7.2291225,9.0
638,I,0.975,0.75,0.25,8.17883075,3.35941575,1.7860185,2.26796,7.0
639,M,1.2125,0.9625,0.325,17.50581625,7.597666,4.0539785,5.0178615,8.0
640,I,1.45,1.0875,0.3625,23.94115275,10.19164525,6.10931725,6.6621325,9.0
641,F,1.1625,0.9125,0.3,14.968536,6.520385,3.4869885,3.69960975,7.0
642,M,1.5625,1.2,0.45,36.457457,16.51358375,7.24329725,9.4970825,10.0
643,I,0.675,0.4875,0.15,2.438057,1.13398,0.510291,0.7087375,5.0
644,M,1.675,1.3,0.4625,42.2124055,17.349894,7.881161,12.190285,15.0
645,I,0.3,0.325,0.075,0.850485,0.21262125,0.12757275,0.1417475,3.0
646,M,1.6,1.275,0.425,45.7277435,19.46193175,9.922325,11.056305,14.0
647,M,1.425,1.15,0.3875,26.01066625,12.79979925,5.48562825,7.5126175,15.0
648,M,1.3125,1.0,0.3625,21.659018,8.32057825,5.386405,7.5126175,9.0
649,F,1.4125,1.1375,0.4,25.7129965,11.4815475,5.6982495,7.654365,10.0
650,M,1.5125,1.1875,0.3375,27.499015,13.19669225,5.40057975,8.221355,10.0
651,M,0.95,0.725,0.2625,7.6260155,3.2601925,1.7293195,2.4097075,10.0
652,I,0.675,0.5,0.175,2.79242575,1.4458245,0.56699,0.850485,7.0
653,F,1.2125,0.975,0.3,17.95940825,8.37727725,3.4869885,5.0745605,8.0
654,I,1.4625,1.125,0.3375,22.12678475,10.47514025,5.54232725,6.747181,9.0
655,M,1.525,1.225,0.45,37.32211675,15.5638755,7.78193775,10.20582,10.0
656,F,1.0,0.7875,0.2625,10.75863525,4.15320175,2.0128145,2.9766975,10.0
657,I,1.175,0.8625,0.3,14.6566915,6.6621325,2.96252275,4.592619,7.0
658,I,1.125,0.8625,0.3,13.56523575,6.02426875,2.5231055,3.685435,8.0
659,M,1.0875,0.875,0.3125,12.37455675,5.953395,2.62232875,3.685435,8.0
660,F,1.5375,1.2375,0.4375,34.9549335,15.8473705,7.314171,9.07184,12.0
661,M,1.5375,1.2125,0.4875,34.9549335,14.78426425,7.52679225,10.3475675,13.0
662,F,1.65,1.3125,0.425,41.31939625,16.5277585,8.0229085,12.757275,18.0
663,I,0.775,0.5875,0.2125,4.43669675,1.97029025,1.247378,1.2757275,7.0
664,M,1.375,1.0375,0.35,22.80717275,9.6104805,4.8477645,5.953395,12.0
665,M,1.4,1.1125,0.3625,26.138239,11.75086775,5.71242425,7.7961125,13.0
666,I,0.975,0.75,0.2375,7.55514175,3.50116325,1.51669825,2.1829115,6.0
667,I,0.525,0.375,0.1375,1.1623295,0.35436875,0.226796,0.29766975,1.0
668,M,1.5125,1.175,0.4125,29.21415975,12.8423235,6.3786375,10.20582,10.0
669,M,1.5875,1.25,0.4125,36.85435,16.54193325,8.34892775,8.77417025,10.0
670,F,1.425,1.1,0.3375,25.2594045,10.77281,5.99591925,7.654365,10.0
671,M,1.6125,1.25,0.4375,40.1145425,18.83824275,7.86698625,11.1980525,9.0
672,M,1.525,1.175,0.45,31.51046925,14.04717725,6.8322295,9.07184,18.0
673,I,1.575,1.25,0.4125,30.71668325,12.927372,6.13766675,9.922325,10.0
674,I,0.6125,0.45,0.1125,1.82854275,0.9355335,0.396893,0.60951425,1.0
675,F,1.6,1.25,0.425,36.61337925,17.8885345,8.29222875,8.9300925,9.0
676,M,1.175,0.9125,0.3,15.3937785,6.76135575,3.04757125,4.252425,8.0
677,I,1.25,0.9625,0.3,18.313777,8.051258,3.86970675,4.29494925,9.0
678,F,1.3125,0.975,0.3375,16.9813505,7.04485075,4.06815325,4.9611625,9.0
679,M,1.4375,1.1375,0.3875,27.499015,8.9300925,4.3941725,8.50485,20.0
680,F,1.525,1.2125,0.4,32.205032,14.72756525,6.973977,9.07184,11.0
681,I,1.0375,0.7625,0.25,9.185238,3.458639,1.94194075,2.6932025,8.0
682,M,1.5625,1.2375,0.375,38.00250475,16.3009625,7.824462,10.0640725,10.0
683,M,1.325,1.025,0.35,21.659018,9.2135875,5.556502,6.80388,9.0
684,F,1.55,1.2875,0.4125,37.43551475,17.7751365,7.6827145,9.7805775,12.0
685,I,1.075,0.825,0.225,9.25611175,4.6209685,2.48058125,2.9766975,9.0
686,F,1.5,1.1625,0.45,29.48348,13.48018725,7.61184075,7.7961125,10.0
687,F,1.55,1.2125,0.4375,30.504062,13.1258185,7.1568885,8.50485,13.0
688,I,0.7625,0.5875,0.1625,5.40057975,1.6726205,0.52446575,0.89300925,4.0
689,M,1.4125,1.1375,0.4625,26.138239,10.035723,5.62737575,8.50485,13.0
690,I,0.425,0.325,0.0625,0.850485,0.3685435,0.226796,0.283495,5.0
691,I,0.9875,0.8125,0.3,9.19941275,4.09650275,1.88524175,2.6932025,8.0
692,I,1.1,0.8875,0.275,12.60135275,5.2446575,2.33883375,3.96893,8.0
693,M,1.175,0.8875,0.3375,13.267566,5.23048275,2.721552,4.195726,9.0
694,I,1.0375,0.775,0.2625,8.80251975,3.69960975,1.7293195,2.6932025,7.0
695,M,1.6125,1.25,0.4625,35.3518265,17.4916415,8.40562675,10.0640725,9.0
696,I,1.05,0.775,0.1875,7.98038425,3.685435,1.4458245,1.871067,7.0
697,I,1.05,0.8125,0.275,9.015141,3.572037,2.1262125,2.83495,9.0
698,F,1.5125,1.175,0.3625,26.32251075,10.21999475,6.22271525,7.4559185,10.0
699,M,1.55,1.2,0.45,33.86347775,12.94154675,7.427569,14.118051,17.0
700,M,1.425,1.0625,0.35,24.5223175,11.9351395,5.1879585,6.9456275,8.0
701,I,1.375,1.0625,0.3125,20.41164,8.7599955,3.98310475,6.27941425,8.0
702,F,1.4625,1.1875,0.425,31.56716825,14.72756525,5.71242425,8.77417025,18.0
703,F,1.575,1.225,0.425,34.5580405,18.18620425,6.13766675,7.93786,9.0
704,M,1.675,1.3125,0.5,47.513762,19.6462035,9.79475225,12.3320325,10.0
705,I,1.2625,1.0,0.3125,16.3528145,7.314171,3.30271675,5.5281525,8.0
706,F,1.65,1.3,0.4375,44.0834725,17.916884,10.8011595,13.4660125,12.0
707,M,1.65,1.275,0.4375,38.76794125,18.69649525,8.60407325,10.9145575,10.0
708,M,1.6875,1.3375,0.4375,44.9906565,19.54698025,8.4198015,10.489315,10.0
709,I,0.775,0.5625,0.1875,4.26659975,1.71514475,1.190679,1.2757275,7.0
710,F,1.425,1.125,0.3875,25.51455,11.8784405,4.3374735,7.37087,12.0
711,I,1.1375,0.8625,0.3125,13.99047825,5.54232725,3.345241,3.47281375,8.0
712,M,1.5625,1.2375,0.4875,35.9650275,15.989118,8.60407325,9.7805775,10.0
713,I,1.175,0.9875,0.325,13.0124205,5.4147545,2.50893075,4.706017,8.0
714,I,0.9875,0.725,0.225,7.01650125,3.061746,1.7293195,2.26796,7.0
715,I,0.75,0.575,0.2,4.06815325,1.871067,0.737087,1.2757275,4.0
716,I,0.7,0.525,0.1875,3.005047,1.17650425,0.35436875,0.9922325,5.0
717,I,1.0875,0.7875,0.25,11.38232425,5.443104,2.1262125,2.551455,7.0
718,I,1.2125,0.9375,0.3125,15.2236815,7.087375,2.721552,4.819415,8.0
719,I,1.4375,1.125,0.375,23.00561925,9.63883,4.706017,6.80388,12.0
720,I,1.3,0.9625,0.3,16.71203025,7.27164675,3.40194,4.819415,9.0
721,F,1.6625,1.2625,0.4125,36.78347625,16.42853525,9.17106325,10.3475675,9.0
722,M,1.35,1.0375,0.325,23.24659,9.82310175,4.86193925,6.80388,10.0
723,F,1.7,1.35,0.4375,45.14543425,20.14231975,9.11436425,13.4660125,10.0
724,I,1.35,1.0625,0.3875,22.792998,9.6104805,5.2446575,6.80388,10.0
725,M,1.3125,1.0,0.3,20.76600875,8.12213175,4.2240755,5.386405,7.0
726,F,1.5625,1.175,0.4125,30.4190135,14.67086625,6.22271525,8.0796075,10.0
727,M,1.5625,1.1875,0.3875,31.6096925,15.5071765,6.6621325,7.767763,11.0
728,I,1.6,1.25,0.4,35.777069,14.52911875,8.12213175,9.4970825,9.0
729,F,1.4375,1.1,0.4,22.43862925,9.6671795,4.5075705,7.37087,9.0
730,I,0.725,0.5375,0.15,3.24601775,1.474174,0.737087,0.9922325,5.0
731,M,1.4375,1.15,0.3875,29.823674,14.81261375,5.17378375,7.087375,10.0
732,M,1.425,1.1125,0.3625,26.2232875,10.61688775,5.726599,8.3631025,10.0
733,M,0.7875,0.575,0.1625,3.55786225,1.5025235,0.86465975,1.417475,6.0
734,I,1.5125,1.1875,0.4125,31.25532375,13.31009025,7.66853975,9.85145125,13.0
735,I,1.4125,1.05,0.3625,21.8007655,8.958442,5.0178615,6.9456275,9.0
736,M,1.325,1.0625,0.375,23.756881,10.6877615,5.99591925,6.463686,8.0
737,F,1.35,1.0375,0.375,27.740952,13.11164375,5.74077375,7.0590255,9.0
738,M,1.575,1.3375,0.4625,38.725417,14.35902175,7.15824875,13.04077,14.0
739,F,1.6125,1.275,0.4875,37.1094955,13.70698325,9.128539,11.623295,20.0
740,M,1.5625,1.2,0.375,32.4601775,13.60776,6.90310325,8.788345,10.0
741,M,1.6,1.3,0.425,42.354153,12.9557215,6.8322295,16.59863225,10.0
742,M,1.3,0.975,0.3375,22.12678475,9.07184,4.91863825,5.5281525,13.0
743,M,1.3,1.0375,0.3125,18.86659225,8.34892775,3.98310475,6.23689,12.0
744,M,1.4375,1.3125,0.3875,29.1149365,15.83319575,6.010094,7.087375,9.0
745,I,1.1,0.9375,0.275,12.360382,4.43669675,2.70737725,4.53592,8.0
746,M,1.475,1.1875,0.4,28.8314415,13.25339125,6.2652395,7.93786,10.0
747,F,1.625,1.2625,0.4375,36.55668025,17.8885345,7.3425205,9.07184,11.0
748,I,1.1375,0.8625,0.25,12.34620725,5.9817445,2.48058125,3.5436875,8.0
749,M,1.475,1.1875,0.3875,31.071052,13.70698325,6.78970525,7.93786,10.0
750,M,1.4375,1.125,0.4625,27.21552,12.40290625,5.8683465,7.7961125,9.0
751,M,1.2125,0.9,0.275,14.81261375,7.49844275,3.38776525,3.81300775,8.0
752,I,0.7,0.525,0.175,3.458639,1.3891255,0.6520385,0.850485,7.0
753,F,1.3125,1.025,0.375,24.437269,11.0846545,4.63514325,7.087375,10.0
754,M,1.575,1.25,0.4,34.40211825,13.53688625,7.83863675,10.489315,10.0
755,M,1.6125,1.3125,0.475,39.349106,16.17338975,7.881161,11.1980525,17.0
756,I,1.425,1.1125,0.375,24.9192105,12.0485375,4.706017,7.087375,8.0
757,F,1.3125,1.0375,0.4,22.169309,8.0796075,4.4508715,7.37087,20.0
758,I,1.35,1.075,0.3875,22.169309,8.7032965,5.25883225,6.80388,14.0
759,I,1.3,0.9625,0.3125,16.9813505,6.9456275,3.061746,5.2446575,9.0
760,M,1.5,1.175,0.3875,31.808139,14.514944,6.350288,8.1363065,9.0
761,F,1.2375,1.0125,0.375,19.37688325,7.654365,3.95475525,6.80388,9.0
762,M,1.2625,0.9625,0.35,18.27125275,9.2135875,3.98310475,4.819415,8.0
763,I,1.0,0.7875,0.225,7.95203475,3.798833,1.60174675,2.26796,7.0
764,M,1.5,1.2125,0.4375,31.99241075,15.52135125,7.540967,8.50485,10.0
765,F,1.5875,1.2125,0.3875,29.48348,12.076887,7.3992195,8.0796075,11.0
766,I,0.4375,0.3375,0.125,0.907184,0.3118445,0.226796,0.283495,5.0
767,F,1.6125,1.2375,0.4625,33.38153625,13.99047825,8.901743,9.922325,11.0
768,F,1.6625,1.25,0.4375,36.570855,17.179797,8.03708325,9.07184,9.0
769,M,1.675,1.275,0.5,38.82464025,17.6050395,9.015141,10.56018875,11.0
770,F,1.575,1.2125,0.4125,35.25260325,17.2648455,7.27164675,8.0796075,10.0
771,I,1.1625,0.95,0.325,14.571643,4.9611625,2.96252275,5.2446575,8.0
772,I,0.9375,0.675,0.2125,6.2085405,3.04757125,1.54504775,1.984465,6.0
773,I,1.475,1.1625,0.375,24.834162,10.5176645,5.99591925,7.654365,11.0
774,I,1.1875,0.9375,0.2625,14.41572075,7.654365,2.721552,3.8271825,7.0
775,F,1.25,1.0,0.3375,21.659018,6.8889285,5.99591925,5.953395,14.0
776,M,1.525,1.2,0.3875,29.199985,10.8011595,7.3425205,8.0796075,9.0
777,M,1.6125,1.25,0.3875,39.7743485,18.75319425,8.2497045,10.3475675,10.0
778,F,1.3875,1.1,0.35,23.6718325,8.77417025,5.216308,7.087375,10.0
779,M,1.475,1.1375,0.375,24.5223175,11.793392,5.2446575,8.0796075,9.0
780,M,1.7375,1.375,0.55,51.766187,23.6151335,10.19164525,14.74174,11.0
781,I,0.9125,0.675,0.2,5.8116475,2.211261,1.37495075,1.984465,6.0
782,I,1.125,0.8625,0.3,11.5382465,4.69184225,2.5798045,3.2601925,6.0
783,F,1.3,0.9375,0.2875,15.762322,7.484268,3.118445,4.762716,9.0
784,I,1.225,0.925,0.3125,13.62193475,5.88252125,3.24601775,3.75630875,7.0
785,M,1.2,0.95,0.3,14.004653,5.329706,3.5436875,4.3941725,9.0
786,F,1.3125,1.0125,0.375,25.95396725,9.85145125,5.40057975,8.221355,12.0
787,I,1.1375,0.9375,0.3125,12.68640125,5.96756975,2.62232875,4.53592,8.0
788,F,1.225,0.9875,0.35,21.035329,7.10154975,4.63514325,5.5281525,8.0
789,F,1.4,1.1,0.3625,25.7696955,11.169703,5.159609,7.52679225,8.0
790,I,0.6125,0.4375,0.1625,2.36718325,0.86465975,0.52446575,0.60951425,4.0
791,F,1.525,1.1375,0.4375,30.34813975,10.53183925,6.2652395,10.886208,13.0
792,M,1.475,1.1,0.3625,28.02348075,13.16834275,6.2085405,7.654365,10.0
793,M,1.5,1.1875,0.425,32.02076025,14.4298955,6.25106475,8.66077225,11.0
794,F,1.1,0.8125,0.2875,12.757275,5.4147545,2.79242575,3.40194,10.0
795,M,1.6,1.25,0.4625,41.8722115,19.561155,7.66853975,11.056305,10.0
796,F,1.5875,1.2375,0.4125,36.55668025,16.6411565,7.7394135,8.9300925,13.0
797,M,1.425,1.2375,0.375,28.066005,10.942907,6.066793,9.4970825,9.0
798,M,1.8,1.45,0.5125,53.6656035,25.95396725,11.566596,14.16057525,10.0
799,M,1.6,1.25,0.4,38.20095125,16.17338975,8.17883075,10.20582,10.0
800,I,1.2625,1.025,0.3125,19.97222275,11.226402,3.64291075,4.60679375,8.0
801,F,1.575,1.2625,0.4125,37.23706825,13.4093135,7.257472,9.7805775,12.0
802,I,1.0125,0.775,0.2625,8.8733935,3.855532,1.68679525,2.4097075,7.0
803,F,1.35,1.0625,0.4,29.83784875,9.07184,6.7755305,8.9300925,19.0
804,F,1.575,1.25,0.4,30.4190135,14.69921575,6.2652395,9.922325,13.0
805,F,1.2625,0.975,0.2875,17.76096175,7.86698625,4.53592,4.7910655,10.0
806,M,1.65,1.35,0.4375,37.98833,15.97494325,6.78970525,13.891255,17.0
807,M,1.4,1.1375,0.3625,26.46425825,10.13494625,5.499803,8.221355,12.0
808,I,1.3375,1.025,0.3375,20.0997955,9.6671795,4.649318,6.23689,9.0
809,M,1.5125,1.1375,0.4375,29.7386255,9.525432,6.36446275,8.9300925,17.0
810,M,1.5125,1.1875,0.35,33.542134,16.499409,6.27941425,8.164656,9.0
811,I,0.825,0.65,0.2,5.08873525,1.99863975,1.09145575,1.70097,6.0
812,F,1.8,1.4,0.4625,47.116869,20.638436,11.5382465,12.3320325,11.0
813,M,1.25,0.975,0.375,21.659018,7.824462,4.932813,6.23689,15.0
814,F,1.625,1.3125,0.425,39.56172725,14.92601175,9.2135875,11.90679,11.0
815,I,0.9125,0.675,0.225,5.6699,1.97029025,1.247378,1.984465,8.0
816,F,1.45,1.1625,0.375,27.8108595,12.14776075,6.350288,9.59630575,11.0
817,M,1.5375,1.1875,0.3875,28.36367475,13.8062065,5.57067675,10.0640725,19.0
818,M,1.2375,0.9625,0.3625,19.49028125,7.767763,3.84135725,5.386405,12.0
819,F,1.225,0.9125,0.3375,19.3060095,9.2702865,4.932813,5.386405,10.0
820,M,1.525,1.175,0.4125,30.74503275,13.9196045,6.98815175,8.3631025,11.0
821,F,1.725,1.3375,0.5375,44.9906565,17.78931125,10.19164525,13.0691195,12.0
822,I,1.4,1.125,0.45,25.0326085,12.3320325,5.99591925,6.9456275,10.0
823,M,1.45,1.0875,0.475,27.91008275,9.56795625,6.87475375,10.61688775,16.0
824,M,1.55,1.2625,0.4125,34.529691,15.46465225,6.67630725,10.0640725,12.0
825,M,1.475,1.125,0.3625,24.70658925,10.33339275,4.77689075,7.087375,10.0
826,M,1.3125,1.025,0.3125,18.9091165,8.0796075,3.86970675,6.23689,9.0
827,F,1.6375,1.25,0.3875,36.457457,17.0097,8.4198015,9.4970825,9.0
828,M,1.4375,1.15,0.375,27.328918,13.05494475,6.25106475,7.5126175,9.0
829,I,0.925,0.7,0.2,5.556502,2.31048425,1.40330025,1.644271,6.0
830,M,1.4875,1.175,0.3625,26.12406425,10.78698475,6.76135575,7.93786,8.0
831,I,0.9625,0.7125,0.2125,7.3425205,3.01922175,1.68679525,2.1262125,6.0
832,I,1.125,0.85,0.225,11.963489,4.5075705,2.42388225,3.8271825,7.0
833,F,1.225,0.975,0.3125,15.87572,5.74077375,3.78465825,4.9611625,8.0
834,M,1.275,1.0,0.3125,15.87572,7.0590255,3.798833,4.819415,8.0
835,I,1.325,1.0375,0.35,23.09066775,10.035723,4.422522,6.9456275,9.0
836,M,0.775,0.5875,0.1875,4.20990075,1.6726205,0.86465975,1.2757275,5.0
837,M,1.525,1.175,0.4125,31.70891575,13.48018725,8.34892775,8.3631025,9.0
838,F,1.375,1.05,0.4375,21.035329,8.561549,4.252425,7.654365,16.0
839,M,1.3,0.95,0.2875,15.87572,7.6260155,3.2601925,4.20990075,8.0
840,F,1.4,1.0625,0.35,20.41164,7.49844275,4.77689075,6.3786375,12.0
841,I,1.125,0.875,0.2625,12.2753335,5.6982495,2.324659,3.685435,8.0
842,F,1.625,1.3,0.4125,41.63124075,13.13999325,8.77417025,11.90679,17.0
843,I,0.675,0.4875,0.175,3.3735905,1.54504775,0.75126175,0.9922325,5.0
844,M,1.6125,1.25,0.4,34.1611475,15.592225,6.59125875,9.48290775,13.0
845,M,1.5625,1.2,0.4625,35.19590425,13.4660125,6.95980225,11.7650425,18.0
846,F,1.5,1.175,0.3875,29.937072,12.133586,6.90310325,8.788345,8.0
847,M,1.6,1.275,0.45,43.50230775,18.32795175,9.525432,11.1980525,10.0
848,M,1.0875,0.7875,0.2625,11.7650425,5.71242425,2.22543575,2.9199985,12.0
849,M,1.125,0.875,0.35,13.437663,5.5281525,2.8066005,3.16096925,17.0
850,I,0.9625,0.7,0.2125,8.06543275,4.989512,1.43164975,2.26796,6.0
851,F,1.3125,1.0125,0.4125,25.35862775,6.84640425,4.77689075,11.623295,21.0
852,I,1.4375,1.1125,0.375,28.76056775,10.16329575,5.8683465,7.7961125,14.0
853,F,1.5875,1.2,0.425,35.81959325,14.4298955,8.6465975,9.63883,9.0
854,M,1.55,1.25,0.4125,36.7126025,16.726205,8.3064035,10.6310625,14.0
855,M,1.5,1.125,0.4125,26.32251075,10.84368375,4.252425,8.50485,11.0
856,M,0.9375,0.75,0.25,11.169703,5.08873525,2.5231055,2.83495,7.0
857,I,1.1125,0.8375,0.2625,11.49572225,5.1312595,2.608154,3.118445,8.0
858,F,1.5375,1.2625,0.4375,38.90968875,17.179797,7.38504475,11.056305,13.0
859,I,1.3375,1.0625,0.3125,20.19901875,8.8733935,4.2807745,5.2446575,8.0
860,F,1.5,1.2375,0.4125,32.6302745,11.0846545,6.39281225,10.20582,16.0
861,M,1.5125,1.15,0.4,26.26581175,11.453198,6.19436575,7.1157245,10.0
862,F,1.5,1.1875,0.3625,28.44872325,14.458245,5.57067675,7.1157245,9.0
863,M,1.4375,1.15,0.4125,26.7902775,11.623295,6.066793,7.93786,15.0
864,M,1.4125,1.125,0.375,24.73493875,11.453198,5.06038575,6.3786375,8.0
865,F,1.6375,1.2625,0.5125,40.766581,18.18620425,8.3631025,11.056305,11.0
866,F,1.375,1.075,0.3875,27.78251,7.78193775,5.4714535,9.922325,15.0
867,F,1.4,1.1125,0.3875,24.76328825,8.34892775,5.8683465,7.087375,16.0
868,F,1.5125,1.2125,0.4,29.22697425,13.947954,4.49339575,8.37727725,9.0
869,I,1.0,0.775,0.2375,7.95203475,3.2601925,1.63009625,2.4097075,7.0
870,M,1.5375,1.2,0.4125,34.529691,18.1153305,8.60407325,8.9300925,9.0
871,M,1.6375,1.3625,0.5,40.25629,16.42853525,7.0023265,13.04077,16.0
872,M,1.4875,1.1875,0.375,31.127751,12.643877,7.257472,10.20582,16.0
873,M,1.4875,1.1625,0.375,28.22192725,13.11164375,5.329706,7.37087,11.0
874,I,1.425,1.1125,0.3625,22.58037675,9.525432,5.82582225,7.087375,10.0
875,M,1.1,0.8875,0.3,13.834556,5.28718175,2.84912475,4.876114,9.0
876,M,1.2,0.9125,0.3625,17.179797,7.29999625,4.49339575,5.10291,8.0
877,M,1.525,1.2125,0.4125,32.6869735,15.97494325,7.66853975,8.3631025,9.0
878,F,1.475,1.05,0.4125,24.8058125,8.51902475,5.8683465,7.7961125,11.0
879,I,1.05,0.8125,0.25,10.886208,5.9250455,2.14038725,2.9766975,7.0
880,M,1.1,0.8625,0.275,11.7650425,5.34388075,2.62232875,3.685435,10.0
881,I,0.6875,0.5125,0.1625,2.99087225,1.23320325,0.680388,0.850485,5.0
882,M,1.525,1.175,0.3875,30.8726055,14.74174,6.27941425,9.63883,10.0
883,M,1.375,1.1,0.375,20.3265915,9.87980075,4.2240755,7.654365,13.0
884,M,1.6125,1.25,0.375,36.95357325,16.612807,7.27164675,9.4970825,12.0
885,F,1.5375,1.1875,0.3875,35.0889135,15.57805025,4.89028875,9.355335,13.0
886,I,1.1625,0.875,0.2875,12.47378,5.91087075,2.8066005,3.33106625,7.0
887,M,1.4375,1.1125,0.3625,24.0687255,11.679994,5.08873525,6.80388,14.0
888,F,1.625,1.3125,0.475,38.00250475,13.7495075,9.015141,11.90679,17.0
889,M,1.45,1.1125,0.4375,28.76056775,11.0846545,6.010094,9.8939755,13.0
890,M,1.5,1.1875,0.475,28.05183025,11.679994,6.22271525,10.489315,14.0
891,F,1.625,1.3125,0.5375,40.596484,14.5999925,8.278054,12.6155275,16.0
892,F,1.45,1.2125,0.375,30.8726055,12.3320325,5.443104,8.60407325,13.0
893,F,1.4875,1.2125,0.3875,33.3673615,14.92601175,7.9662095,9.7805775,10.0
894,I,0.9625,0.75,0.2625,7.81028725,3.44446425,1.7293195,2.324659,8.0
895,F,1.6625,1.3125,0.45,40.83745475,16.68368075,7.66853975,12.757275,13.0
896,M,1.325,1.05,0.375,18.75319425,8.6465975,4.40834725,6.3786375,12.0
897,F,1.4375,1.125,0.375,24.040376,10.75863525,4.932813,6.520385,8.0
898,F,1.3625,1.0625,0.4625,21.87163925,8.77417025,4.195726,7.7961125,12.0
899,I,1.3125,1.0375,0.325,19.97222275,8.97261675,3.72795925,5.10291,8.0
900,I,1.2125,0.925,0.35,14.81261375,6.747181,3.30271675,4.3941725,8.0
901,F,1.5625,1.225,0.3875,30.0221205,12.6722265,7.144074,9.07184,13.0
902,M,1.2875,1.0,0.3375,17.78931125,6.2652395,3.86970675,5.953395,12.0
903,F,1.45,1.15,0.475,32.31843,10.149121,6.64795775,8.6465975,13.0
904,I,0.8125,0.6125,0.1875,5.28718175,2.67902775,0.86465975,1.2757275,6.0
905,I,0.9875,0.775,0.225,8.901743,4.03980375,1.68679525,2.664853,8.0
906,M,1.4625,1.125,0.35,26.26581175,10.8011595,6.90310325,7.087375,11.0
907,F,1.7375,1.375,0.425,47.86813075,24.56484175,10.7444605,12.8990225,9.0
908,F,1.55,1.2125,0.3625,27.0170735,12.6155275,6.066793,8.3631025,8.0
909,F,1.5875,1.2375,0.4,30.94347925,13.154168,6.23689,10.0640725,11.0
910,M,1.5375,1.1875,0.4,26.932025,14.35902175,5.5281525,7.767763,9.0
911,M,1.4,1.1,0.375,24.777463,10.9145575,4.025629,7.37087,10.0
912,F,1.2,0.9375,0.3,13.48018725,5.953395,3.27436725,4.53592,12.0
913,M,1.025,0.8125,0.2375,9.19941275,4.0539785,2.33883375,2.9766975,8.0
914,M,1.2625,0.9625,0.2875,17.179797,6.76135575,4.06815325,5.386405,9.0
915,M,1.475,1.15,0.3625,28.02348075,12.8990225,5.8683465,7.93786,10.0
916,F,1.5625,1.2125,0.4,30.40483875,12.79979925,7.3992195,8.0796075,9.0
917,F,1.2875,0.975,0.3,16.839603,8.845044,3.27436725,4.7910655,9.0
918,F,1.25,0.9375,0.2875,14.8834875,6.36446275,3.345241,4.819415,8.0
919,I,0.9875,0.8125,0.2125,8.63242275,3.78465825,1.88524175,2.551455,6.0
920,M,1.3375,1.0625,0.3875,26.194938,10.47514025,5.54232725,7.2291225,12.0
921,M,1.6625,1.3,0.425,38.82464025,16.57028275,7.78193775,10.942907,12.0
922,I,0.8125,0.5875,0.1625,3.118445,1.4458245,0.63786375,1.13398,5.0
923,I,1.3875,1.0875,0.35,23.643483,9.241937,4.592619,6.520385,9.0
924,M,1.3875,1.075,0.4125,23.43086175,11.15552825,4.5075705,6.3786375,9.0
925,I,1.125,0.875,0.2625,13.08329425,6.4920355,2.50893075,3.35941575,6.0
926,F,1.425,1.1,0.375,28.519597,10.70193625,6.08096775,8.221355,12.0
927,F,1.675,1.375,0.5125,47.86813075,19.94387325,9.6104805,13.04077,11.0
928,F,1.5625,1.225,0.4125,34.79901125,16.2442635,8.20718025,8.9300925,11.0
929,I,1.675,1.35,0.4875,43.27551175,16.96717575,7.98038425,13.4660125,17.0
930,M,1.4125,1.1,0.3875,24.777463,10.8578585,5.9250455,6.80388,10.0
931,F,1.5625,1.2125,0.4375,36.27318525,16.51358375,8.50485,9.4970825,11.0
932,M,1.6375,1.3125,0.475,42.184056,19.1926115,7.27164675,11.4815475,15.0
933,M,1.475,1.15,0.3625,31.99241075,15.97494325,6.973977,7.654365,9.0
934,I,1.2125,0.975,0.35,16.40018575,6.6054335,3.345241,5.2446575,9.0
935,F,1.525,1.2125,0.4125,29.9654215,11.736693,7.824462,8.6465975,16.0
936,F,1.45,1.15,0.3875,27.71163625,13.154168,4.23825025,7.93786,8.0
937,M,1.1625,0.925,0.275,15.6205745,7.04485075,2.9766975,4.53592,9.0
938,M,1.05,0.8,0.275,10.19164525,4.082328,2.50893075,2.9766975,7.0
939,M,1.2125,0.925,0.3,16.4143605,7.10154975,3.72795925,4.252425,8.0
940,I,0.9,0.675,0.2375,6.59125875,2.83495,1.304077,1.5592225,5.0
941,F,1.5625,1.3,0.3875,35.6920205,13.8062065,6.406987,12.6155275,22.0
942,F,1.5,1.1875,0.4125,26.52095725,11.4248485,6.44951125,8.3631025,10.0
943,M,1.525,1.2125,0.375,35.62114675,16.3576615,6.3219385,9.865626,13.0
944,M,1.425,1.1,0.4625,24.720764,10.829509,5.9250455,7.7961125,12.0
945,I,0.825,0.5625,0.2,5.71242425,2.551455,1.1056305,1.5592225,6.0
946,I,1.3125,1.0,0.3625,18.6256215,8.46232575,3.86970675,6.0951425,11.0
947,F,1.575,1.2875,0.4,32.9137695,14.10387625,6.123492,8.9300925,10.0
948,I,0.7875,0.575,0.1875,3.61456125,1.54504775,0.8788345,1.00640725,5.0
949,F,1.5375,1.175,0.3875,31.808139,13.834556,6.56290925,8.9300925,11.0
950,I,1.375,1.0625,0.3625,22.15513425,9.31281075,4.53592,6.27941425,8.0
951,I,1.0875,0.8125,0.275,9.8372765,3.8271825,1.80019325,2.9766975,7.0
952,F,1.4625,1.15,0.3875,32.02076025,17.27902025,6.19436575,6.463686,8.0
953,M,1.2625,1.0125,0.3375,20.354941,7.6827145,4.06815325,6.0951425,9.0
954,F,1.7125,1.3125,0.475,41.80133775,17.1514475,7.6827145,12.8423235,17.0
955,F,1.5125,1.2125,0.3875,32.545226,12.3887315,7.41339425,10.489315,20.0
956,I,1.275,0.975,0.35,16.37183625,7.55514175,3.2601925,4.819415,9.0
957,I,0.7125,0.525,0.175,3.005047,1.17650425,0.75126175,0.850485,6.0
958,F,1.45,1.125,0.375,28.519597,10.4609655,6.5487345,8.3631025,13.0
959,I,0.475,0.325,0.1,0.75126175,0.2551455,0.1417475,0.2551455,3.0
960,F,1.25,0.9375,0.3,16.34348675,7.27164675,3.515338,4.53592,9.0
961,I,0.6375,0.4625,0.175,2.83495,1.020582,0.623689,0.7087375,7.0
962,I,1.25,0.9875,0.3,15.03940975,7.9095105,3.6003865,3.8271825,8.0
963,M,1.3625,1.0625,0.3875,20.70930975,7.9095105,3.98310475,5.5281525,10.0
964,I,0.6375,0.4875,0.1375,2.721552,1.14815475,0.32601925,0.850485,3.0
965,I,0.8,0.6125,0.2125,4.3941725,2.0128145,1.077281,1.417475,5.0
966,F,1.6125,1.2625,0.4375,32.638042,10.546014,6.4353365,11.1980525,15.0
967,M,1.625,1.3125,0.45,40.83745475,19.504456,10.0073735,10.77281,11.0
968,F,1.6125,1.35,0.5125,45.7277435,18.9091165,9.99319875,14.74174,27.0
969,F,1.2625,0.9625,0.3375,16.839603,7.9095105,3.75630875,4.819415,9.0
970,M,1.25,1.0,0.3875,19.49028125,7.29999625,4.55009475,5.953395,8.0
971,I,0.9375,0.6875,0.2875,6.180191,3.061746,1.247378,1.984465,8.0
972,I,0.8875,0.6875,0.2375,7.144074,3.005047,1.68679525,2.4097075,7.0
973,I,1.15,0.875,0.275,16.386011,7.9095105,3.50116325,3.78465825,8.0
974,I,0.75,0.575,0.1875,3.30271675,1.5025235,0.75126175,1.13398,7.0
975,I,1.25,0.95,0.3,16.88212725,7.35669525,3.50116325,5.10291,8.0
976,I,0.9,0.6875,0.2375,6.87475375,2.84912475,1.077281,2.4097075,7.0
977,F,1.675,1.25,0.4375,39.519203,17.3215445,8.901743,10.0640725,11.0
978,F,1.6125,1.3,0.475,43.318036,17.19397175,11.3114505,12.85649825,11.0
979,I,1.0125,0.775,0.2375,9.93649975,4.139027,1.7860185,2.6932025,6.0
980,M,1.525,1.1875,0.4,30.0221205,10.47514025,6.4353365,11.056305,12.0
981,M,1.35,1.0625,0.325,21.55979475,10.2908685,4.819415,5.5281525,9.0
982,M,1.225,0.95,0.3125,17.293195,7.04485075,3.798833,4.53592,12.0
983,M,1.475,1.1625,0.3625,28.08017975,12.54465375,7.27164675,8.6465975,13.0
984,F,1.6125,1.25,0.4375,36.58502975,17.59086475,7.427569,12.0485375,14.0
985,F,1.325,1.025,0.375,21.1203775,5.953395,5.273007,7.7961125,14.0
986,I,0.6125,0.425,0.15,1.88524175,0.8788345,0.396893,0.4819415,5.0
987,M,1.475,1.175,0.3625,28.36367475,12.88484775,5.2446575,7.15824875,10.0
988,F,1.5,1.2,0.4375,31.1561005,10.2341695,6.2652395,10.9145575,17.0
989,M,1.4875,1.1875,0.4125,29.72445075,13.08329425,6.5487345,8.6465975,10.0
990,I,1.3125,1.0,0.35,16.76872925,8.164656,3.98310475,4.6776675,9.0
991,F,1.375,1.125,0.375,23.43086175,10.67358675,4.55009475,6.23689,13.0
992,M,1.6625,1.2875,0.3875,38.5269705,16.68368075,8.20718025,8.9300925,11.0
993,I,0.875,0.6375,0.2375,8.60407325,4.0539785,1.247378,2.551455,6.0
994,M,1.3125,1.0375,0.3375,23.85610425,10.6877615,4.29494925,6.6621325,14.0
995,M,1.4625,1.15,0.4375,31.6096925,9.8372765,7.7394135,9.07184,10.0
996,F,1.075,0.85,0.25,10.716111,4.12485225,2.19708625,2.83495,8.0
997,M,1.4125,1.0875,0.3875,20.638436,9.68135425,4.57844425,6.0951425,8.0
998,F,1.425,1.1,0.375,24.62154075,10.829509,5.046211,6.80388,11.0
999,I,1.125,0.8375,0.2625,12.54465375,5.82582225,2.56562975,2.9199985,7.0
